user_id,time,amount,avg_payment,total_payment_PU,avg_payment_PPU,payment_num,avg_current_payment_diff
108116306,2020-10-12 12:56:12.634000,0.151908396946565,0.545342420937839,0.151908396946565,0.151908396946565,1,0.0
110213686,2020-10-14 16:48:43.059000,0.304580152671756,0.545342420937839,5.26488549618321,1.75496183206107,1,1.45038167938931
110213686,2020-10-16 04:00:10.547000,3.81603053435114,0.545342420937839,5.26488549618321,1.75496183206107,2,-2.06106870229008
110213686,2020-10-16 14:57:21.083000,1.14427480916031,0.545342420937839,5.26488549618321,1.75496183206107,3,0.610687022900763
112803920,2020-10-15 17:48:57.329000,0.151908396946565,0.545342420937839,0.151908396946565,0.151908396946565,1,0.0
114018293,2020-10-20 08:51:07.527000,0.151908396946565,0.545342420937839,0.151908396946565,0.151908396946565,1,0.0
114229803,2020-10-16 10:06:37.461000,0.0755725190839695,0.545342420937839,0.0755725190839695,0.0755725190839695,1,0.0
11578082,2020-10-11 06:55:04.243000,0.304580152671756,0.545342420937839,0.304580152671756,0.304580152671756,1,0.0
118154810,2020-10-14 17:26:41.807000,0.304580152671756,0.545342420937839,1.44885496183206,0.724427480916031,1,0.419847328244275
118154810,2020-10-17 10:08:57.945000,1.14427480916031,0.545342420937839,1.44885496183206,0.724427480916031,2,-0.419847328244275
118526771,2020-10-13 22:39:59.409000,0.151908396946565,0.545342420937839,0.151908396946565,0.151908396946565,1,0.0
12208022,2020-10-13 09:45:11.970000,0.151908396946565,0.545342420937839,2.0587786259542,0.686259541984733,1,0.534351145038168
12208022,2020-10-13 09:57:42.182000,1.14427480916031,0.545342420937839,2.0587786259542,0.686259541984733,2,-0.458015267175573
12208022,2020-10-13 10:15:53.752000,0.762595419847328,0.545342420937839,2.0587786259542,0.686259541984733,3,-0.0763358778625954
122586938,2020-10-14 16:18:14.863000,0.151908396946565,0.545342420937839,0.151908396946565,0.151908396946565,1,0.0
122996926,2020-10-13 03:12:26.860000,0.304580152671756,0.545342420937839,0.304580152671756,0.304580152671756,1,0.0
123855697,2020-10-14 15:39:04.649000,1.14427480916031,0.545342420937839,2.66946564885496,1.33473282442748,1,0.190458015267176
123855697,2020-10-15 13:45:15.813000,1.52519083969466,0.545342420937839,2.66946564885496,1.33473282442748,2,-0.190458015267176
124336479,2020-10-14 06:26:16.921000,0.151908396946565,0.545342420937839,0.151908396946565,0.151908396946565,1,0.0
130874766,2020-10-14 17:43:45.878000,0.0755725190839695,0.545342420937839,0.0755725190839695,0.0755725190839695,1,0.0
131926679,2020-10-13 15:40:44.244000,0.151908396946565,0.545342420937839,0.151908396946565,0.151908396946565,1,0.0
135487832,2020-10-16 18:32:10.081000,0.304580152671756,0.545342420937839,0.304580152671756,0.304580152671756,1,0.0
135572996,2020-10-13 14:06:33.064000,0.151908396946565,0.545342420937839,0.151908396946565,0.151908396946565,1,0.0
142272613,2020-10-13 23:49:18.198000,0.304580152671756,0.545342420937839,0.304580152671756,0.304580152671756,1,0.0
146689643,2020-10-13 13:57:36.662000,0.151908396946565,0.545342420937839,0.456488549618321,0.22824427480916,1,0.0763358778625954
146689643,2020-10-13 17:09:43.321000,0.304580152671756,0.545342420937839,0.456488549618321,0.22824427480916,2,-0.0763358778625954
146823385,2020-10-19 03:09:00.572000,0.0755725190839695,0.545342420937839,0.0755725190839695,0.0755725190839695,1,0.0
15014726,2020-10-13 16:02:14.952000,0.151908396946565,0.545342420937839,0.151908396946565,0.151908396946565,1,0.0
153241726,2020-10-14 20:27:22.298000,0.0755725190839695,0.545342420937839,0.0755725190839695,0.0755725190839695,1,0.0
157447679,2020-10-19 14:06:09.441000,0.304580152671756,0.545342420937839,0.609160305343512,0.304580152671756,1,0.0
157447679,2020-10-19 14:25:57.557000,0.304580152671756,0.545342420937839,0.609160305343512,0.304580152671756,2,0.0
158224611,2020-10-15 17:21:19.201000,0.151908396946565,0.545342420937839,0.151908396946565,0.151908396946565,1,0.0
158470256,2020-10-21 10:25:37.631000,0.0755725190839695,0.545342420937839,0.0755725190839695,0.0755725190839695,1,0.0
159068695,2020-10-15 00:34:08.271000,0.0755725190839695,0.545342420937839,0.0755725190839695,0.0755725190839695,1,0.0
160667521,2020-10-18 01:18:37.610000,0.0755725190839695,0.545342420937839,0.0755725190839695,0.0755725190839695,1,0.0
165761384,2020-10-14 20:39:58.852000,0.304580152671756,0.545342420937839,3.65496183206107,0.304580152671756,1,0.0
165761384,2020-10-14 20:50:53.363000,0.304580152671756,0.545342420937839,3.65496183206107,0.304580152671756,2,0.0
165761384,2020-10-14 20:56:07.095000,0.304580152671756,0.545342420937839,3.65496183206107,0.304580152671756,3,0.0
165761384,2020-10-14 21:05:37.961000,0.304580152671756,0.545342420937839,3.65496183206107,0.304580152671756,4,0.0
165761384,2020-10-15 10:41:02.791000,0.304580152671756,0.545342420937839,3.65496183206107,0.304580152671756,5,0.0
165761384,2020-10-15 12:18:51.908000,0.304580152671756,0.545342420937839,3.65496183206107,0.304580152671756,6,0.0
165761384,2020-10-15 21:13:14.806000,0.304580152671756,0.545342420937839,3.65496183206107,0.304580152671756,7,0.0
165761384,2020-10-15 21:31:54.407000,0.304580152671756,0.545342420937839,3.65496183206107,0.304580152671756,8,0.0
165761384,2020-10-16 07:45:11.871000,0.304580152671756,0.545342420937839,3.65496183206107,0.304580152671756,9,0.0
165761384,2020-10-16 08:15:47.987000,0.304580152671756,0.545342420937839,3.65496183206107,0.304580152671756,10,0.0
165761384,2020-10-16 16:27:08.147000,0.304580152671756,0.545342420937839,3.65496183206107,0.304580152671756,11,0.0
165761384,2020-10-16 16:51:28.121000,0.304580152671756,0.545342420937839,3.65496183206107,0.304580152671756,12,0.0
17152002,2020-10-21 14:08:52.683000,0.304580152671756,0.545342420937839,1.44885496183206,0.724427480916031,1,0.419847328244275
17152002,2020-10-21 15:15:56.176000,1.14427480916031,0.545342420937839,1.44885496183206,0.724427480916031,2,-0.419847328244275
173822703,2020-10-16 11:01:17.361000,0.0755725190839695,0.545342420937839,0.0755725190839695,0.0755725190839695,1,0.0
177500803,2020-10-15 23:20:11.517000,0.304580152671756,0.545342420937839,0.304580152671756,0.304580152671756,1,0.0
182166433,2020-10-19 17:22:38.560000,0.0755725190839695,0.545342420937839,0.0755725190839695,0.0755725190839695,1,0.0
183181120,2020-10-12 20:33:53.528000,0.151908396946565,0.545342420937839,0.151908396946565,0.151908396946565,1,0.0
186045471,2020-10-14 04:55:34.846000,0.0755725190839695,0.545342420937839,0.0755725190839695,0.0755725190839695,1,0.0
193773382,2020-10-12 00:44:06.779000,0.151908396946565,0.545342420937839,0.151908396946565,0.151908396946565,1,0.0
195628735,2020-10-13 21:40:50.948000,0.151908396946565,0.545342420937839,0.456488549618321,0.22824427480916,1,0.0763358778625954
195628735,2020-10-14 00:25:53.549000,0.304580152671756,0.545342420937839,0.456488549618321,0.22824427480916,2,-0.0763358778625954
197607259,2020-10-15 12:56:49.179000,0.304580152671756,0.545342420937839,0.304580152671756,0.304580152671756,1,0.0
204519980,2020-10-15 10:05:59.231000,0.151908396946565,0.545342420937839,0.151908396946565,0.151908396946565,1,0.0
21187155,2020-10-12 12:51:37.982000,0.151908396946565,0.545342420937839,0.151908396946565,0.151908396946565,1,0.0
217084236,2020-10-12 19:20:45.513000,0.151908396946565,0.545342420937839,0.151908396946565,0.151908396946565,1,0.0
221799775,2020-10-12 10:54:03.407000,0.0755725190839695,0.545342420937839,0.0755725190839695,0.0755725190839695,1,0.0
22257908,2020-10-12 07:20:05.808000,0.151908396946565,0.545342420937839,0.151908396946565,0.151908396946565,1,0.0
222932085,2020-10-19 04:34:48.899000,0.0755725190839695,0.545342420937839,0.0755725190839695,0.0755725190839695,1,0.0
224410785,2020-10-18 13:55:46.711000,0.304580152671756,0.545342420937839,0.609160305343512,0.304580152671756,1,0.0
224410785,2020-10-18 14:24:11.815000,0.304580152671756,0.545342420937839,0.609160305343512,0.304580152671756,2,0.0
230850183,2020-10-12 08:23:30.591000,0.151908396946565,0.545342420937839,0.456488549618321,0.22824427480916,1,0.0763358778625954
230850183,2020-10-12 10:27:55.199000,0.304580152671756,0.545342420937839,0.456488549618321,0.22824427480916,2,-0.0763358778625954
231357288,2020-10-13 23:41:08.870000,0.151908396946565,0.545342420937839,0.456488549618321,0.22824427480916,1,0.0763358778625954
231357288,2020-10-14 12:17:53.377000,0.304580152671756,0.545342420937839,0.456488549618321,0.22824427480916,2,-0.0763358778625954
236749563,2020-10-16 16:18:43.073000,0.304580152671756,0.545342420937839,0.304580152671756,0.304580152671756,1,0.0
238619434,2020-10-10 21:57:50.412000,0.304580152671756,0.545342420937839,0.304580152671756,0.304580152671756,1,0.0
242185716,2020-10-12 17:06:30.416000,0.151908396946565,0.545342420937839,0.151908396946565,0.151908396946565,1,0.0
244889669,2020-10-13 07:22:42.454000,0.304580152671756,0.545342420937839,0.304580152671756,0.304580152671756,1,0.0
248270911,2020-10-16 13:27:16.266000,0.151908396946565,0.545342420937839,1.60076335877863,0.533587786259542,1,0.381679389312977
248270911,2020-10-16 21:12:49.634000,0.304580152671756,0.545342420937839,1.60076335877863,0.533587786259542,2,0.229007633587786
248270911,2020-10-21 11:49:02.554000,1.14427480916031,0.545342420937839,1.60076335877863,0.533587786259542,3,-0.610687022900763
248448570,2020-10-12 02:18:32.983000,0.151908396946565,0.545342420937839,0.151908396946565,0.151908396946565,1,0.0
248991411,2020-10-14 13:03:09.529000,0.151908396946565,0.545342420937839,0.151908396946565,0.151908396946565,1,0.0
255255023,2020-10-14 08:08:43.336000,0.151908396946565,0.545342420937839,3.04961832061069,0.609923664122137,1,0.458015267175573
255255023,2020-10-14 09:53:10.263000,0.304580152671756,0.545342420937839,3.04961832061069,0.609923664122137,2,0.305343511450382
255255023,2020-10-14 11:57:08.426000,0.304580152671756,0.545342420937839,3.04961832061069,0.609923664122137,3,0.305343511450382
255255023,2020-10-16 15:41:28.610000,1.14427480916031,0.545342420937839,3.04961832061069,0.609923664122137,4,-0.534351145038168
255255023,2020-10-17 14:24:17.998000,1.14427480916031,0.545342420937839,3.04961832061069,0.609923664122137,5,-0.534351145038168
260694077,2020-10-13 16:01:27.192000,0.151908396946565,0.545342420937839,0.151908396946565,0.151908396946565,1,0.0
263543383,2020-10-13 06:57:14.724000,0.151908396946565,0.545342420937839,7.78015267175573,0.972519083969466,1,0.820610687022901
263543383,2020-10-13 15:50:46.786000,0.762595419847328,0.545342420937839,7.78015267175573,0.972519083969466,2,0.209923664122137
263543383,2020-10-14 14:06:47.453000,1.14427480916031,0.545342420937839,7.78015267175573,0.972519083969466,3,-0.17175572519084
263543383,2020-10-14 16:10:50.787000,1.14427480916031,0.545342420937839,7.78015267175573,0.972519083969466,4,-0.17175572519084
263543383,2020-10-15 08:25:42.438000,1.14427480916031,0.545342420937839,7.78015267175573,0.972519083969466,5,-0.17175572519084
263543383,2020-10-15 17:20:58.911000,1.14427480916031,0.545342420937839,7.78015267175573,0.972519083969466,6,-0.17175572519084
263543383,2020-10-16 16:47:31.912000,1.14427480916031,0.545342420937839,7.78015267175573,0.972519083969466,7,-0.17175572519084
263543383,2020-10-17 11:31:42.842000,1.14427480916031,0.545342420937839,7.78015267175573,0.972519083969466,8,-0.17175572519084
263561614,2020-10-17 17:51:53.766000,0.304580152671756,0.545342420937839,0.304580152671756,0.304580152671756,1,0.0
267665782,2020-10-14 02:04:07.188000,0.0755725190839695,0.545342420937839,0.0755725190839695,0.0755725190839695,1,0.0
270823061,2020-10-11 16:55:31.998000,0.151908396946565,0.545342420937839,0.151908396946565,0.151908396946565,1,0.0
274752993,2020-10-16 18:32:31.620000,0.151908396946565,0.545342420937839,2.0587786259542,0.686259541984733,1,0.534351145038168
274752993,2020-10-19 04:09:40.439000,1.14427480916031,0.545342420937839,2.0587786259542,0.686259541984733,2,-0.458015267175573
274752993,2020-10-19 04:30:46.596000,0.762595419847328,0.545342420937839,2.0587786259542,0.686259541984733,3,-0.0763358778625954
278567472,2020-10-15 13:16:03.335000,0.151908396946565,0.545342420937839,0.151908396946565,0.151908396946565,1,0.0
284941553,2020-10-12 08:13:38.826000,1.14427480916031,0.545342420937839,2.28854961832061,1.14427480916031,1,0.0
284941553,2020-10-12 09:23:14.838000,1.14427480916031,0.545342420937839,2.28854961832061,1.14427480916031,2,0.0
288436611,2020-10-13 00:34:11.996000,0.151908396946565,0.545342420937839,1.06564885496183,0.266412213740458,1,0.114503816793893
288436611,2020-10-15 07:09:59.670000,0.304580152671756,0.545342420937839,1.06564885496183,0.266412213740458,2,-0.0381679389312977
288436611,2020-10-19 07:04:59.237000,0.304580152671756,0.545342420937839,1.06564885496183,0.266412213740458,3,-0.0381679389312977
288436611,2020-10-19 07:12:10.103000,0.304580152671756,0.545342420937839,1.06564885496183,0.266412213740458,4,-0.0381679389312977
291749985,2020-10-18 03:45:43.794000,0.0755725190839695,0.545342420937839,0.0755725190839695,0.0755725190839695,1,0.0
296263240,2020-10-11 09:46:51.607000,0.304580152671756,0.545342420937839,0.304580152671756,0.304580152671756,1,0.0
297756852,2020-10-14 16:27:23.573000,0.151908396946565,0.545342420937839,0.456488549618321,0.22824427480916,1,0.0763358778625954
297756852,2020-10-16 04:41:51.410000,0.304580152671756,0.545342420937839,0.456488549618321,0.22824427480916,2,-0.0763358778625954
320507538,2020-10-21 20:54:37.864000,0.0755725190839695,0.545342420937839,0.0755725190839695,0.0755725190839695,1,0.0
323378221,2020-10-13 17:59:34.358000,0.151908396946565,0.545342420937839,0.151908396946565,0.151908396946565,1,0.0
325588776,2020-10-21 17:12:03.142000,0.304580152671756,0.545342420937839,0.609160305343512,0.304580152671756,1,0.0
325588776,2020-10-21 17:26:17.958000,0.304580152671756,0.545342420937839,0.609160305343512,0.304580152671756,2,0.0
335479648,2020-10-07 06:58:30.402000,0.304580152671756,0.545342420937839,0.304580152671756,0.304580152671756,1,0.0
338980286,2020-10-14 22:16:40.728000,0.0755725190839695,0.545342420937839,0.0755725190839695,0.0755725190839695,1,0.0
342776099,2020-10-12 04:46:24.841000,1.14427480916031,0.545342420937839,4.19465648854962,1.39821882951654,1,0.253944020356234
342776099,2020-10-12 07:56:51.618000,1.52519083969466,0.545342420937839,4.19465648854962,1.39821882951654,2,-0.126972010178117
342776099,2020-10-12 23:03:44.993000,1.52519083969466,0.545342420937839,4.19465648854962,1.39821882951654,3,-0.126972010178117
350472043,2020-10-13 10:29:30.438000,0.151908396946565,0.545342420937839,0.151908396946565,0.151908396946565,1,0.0
354189516,2020-10-13 19:10:39.348000,0.304580152671756,0.545342420937839,11.7488549618321,1.30542832909245,1,1.0008481764207
354189516,2020-10-13 19:23:12.280000,1.14427480916031,0.545342420937839,11.7488549618321,1.30542832909245,2,0.161153519932146
354189516,2020-10-14 06:23:40.395000,1.14427480916031,0.545342420937839,11.7488549618321,1.30542832909245,3,0.161153519932146
354189516,2020-10-16 07:14:49.668000,1.14427480916031,0.545342420937839,11.7488549618321,1.30542832909245,4,0.161153519932146
354189516,2020-10-16 07:51:13.755000,2.28931297709924,0.545342420937839,11.7488549618321,1.30542832909245,5,-0.983884648006785
354189516,2020-10-17 05:46:31.903000,1.14427480916031,0.545342420937839,11.7488549618321,1.30542832909245,6,0.161153519932146
354189516,2020-10-19 07:40:06.173000,2.28931297709924,0.545342420937839,11.7488549618321,1.30542832909245,7,-0.983884648006785
354189516,2020-10-21 13:12:33.188000,1.14427480916031,0.545342420937839,11.7488549618321,1.30542832909245,8,0.161153519932146
354189516,2020-10-21 16:08:31.303000,1.14427480916031,0.545342420937839,11.7488549618321,1.30542832909245,9,0.161153519932146
354299983,2020-10-11 04:27:29.327000,0.151908396946565,0.545342420937839,0.151908396946565,0.151908396946565,1,0.0
355277577,2020-10-16 11:54:09.998000,0.0755725190839695,0.545342420937839,0.0755725190839695,0.0755725190839695,1,0.0
358461600,2020-10-14 10:06:05.238000,0.151908396946565,0.545342420937839,0.151908396946565,0.151908396946565,1,0.0
361443190,2020-10-11 02:58:42.810000,0.304580152671756,0.545342420937839,0.304580152671756,0.304580152671756,1,0.0
367217278,2020-10-13 17:34:14.464000,0.151908396946565,0.545342420937839,0.151908396946565,0.151908396946565,1,0.0
367596732,2020-10-07 11:16:34.696000,0.304580152671756,0.545342420937839,0.913740458015267,0.304580152671756,1,0.0
367596732,2020-10-07 11:52:09.408000,0.304580152671756,0.545342420937839,0.913740458015267,0.304580152671756,2,0.0
367596732,2020-10-07 21:38:03.455000,0.304580152671756,0.545342420937839,0.913740458015267,0.304580152671756,3,0.0
369485392,2020-10-13 11:17:51.187000,0.762595419847328,0.545342420937839,1.52519083969466,0.762595419847328,1,0.0
369485392,2020-10-13 13:25:44.476000,0.762595419847328,0.545342420937839,1.52519083969466,0.762595419847328,2,0.0
373049305,2020-10-13 13:23:27.144000,0.151908396946565,0.545342420937839,0.761068702290076,0.253689567430025,1,0.101781170483461
373049305,2020-10-13 18:15:28.321000,0.304580152671756,0.545342420937839,0.761068702290076,0.253689567430025,2,-0.0508905852417303
373049305,2020-10-16 06:43:51.912000,0.304580152671756,0.545342420937839,0.761068702290076,0.253689567430025,3,-0.0508905852417303
376434587,2020-10-12 21:05:18.101000,0.304580152671756,0.545342420937839,1.82977099236641,0.914885496183206,1,0.61030534351145
376434587,2020-10-12 21:26:56.056000,1.52519083969466,0.545342420937839,1.82977099236641,0.914885496183206,2,-0.61030534351145
379886809,2020-10-15 08:06:00.979000,0.304580152671756,0.545342420937839,0.304580152671756,0.304580152671756,1,0.0
387399663,2020-10-15 16:50:54.695000,0.304580152671756,0.545342420937839,9.90916030534351,0.550508905852417,1,0.245928753180662
387399663,2020-10-15 17:29:51.268000,0.151908396946565,0.545342420937839,9.90916030534351,0.550508905852417,2,0.398600508905852
387399663,2020-10-15 17:47:50.319000,1.14427480916031,0.545342420937839,9.90916030534351,0.550508905852417,3,-0.593765903307888
387399663,2020-10-15 18:25:07.426000,1.52519083969466,0.545342420937839,9.90916030534351,0.550508905852417,4,-0.974681933842239
387399663,2020-10-15 19:35:59.831000,1.14427480916031,0.545342420937839,9.90916030534351,0.550508905852417,5,-0.593765903307888
387399663,2020-10-15 19:52:41.399000,0.304580152671756,0.545342420937839,9.90916030534351,0.550508905852417,6,0.245928753180662
387399663,2020-10-16 14:40:47.385000,0.304580152671756,0.545342420937839,9.90916030534351,0.550508905852417,7,0.245928753180662
387399663,2020-10-16 15:06:00.534000,0.304580152671756,0.545342420937839,9.90916030534351,0.550508905852417,8,0.245928753180662
387399663,2020-10-16 15:10:34.356000,0.304580152671756,0.545342420937839,9.90916030534351,0.550508905852417,9,0.245928753180662
387399663,2020-10-18 14:27:59.734000,0.304580152671756,0.545342420937839,9.90916030534351,0.550508905852417,10,0.245928753180662
387399663,2020-10-18 14:34:19.021000,0.304580152671756,0.545342420937839,9.90916030534351,0.550508905852417,11,0.245928753180662
387399663,2020-10-18 14:43:55.322000,0.304580152671756,0.545342420937839,9.90916030534351,0.550508905852417,12,0.245928753180662
387399663,2020-10-23 16:37:38.052000,1.14427480916031,0.545342420937839,9.90916030534351,0.550508905852417,13,-0.593765903307888
387399663,2020-10-23 18:06:55.336000,0.304580152671756,0.545342420937839,9.90916030534351,0.550508905852417,14,0.245928753180662
387399663,2020-10-23 19:15:36.311000,1.14427480916031,0.545342420937839,9.90916030534351,0.550508905852417,15,-0.593765903307888
387399663,2020-10-23 20:04:21.525000,0.304580152671756,0.545342420937839,9.90916030534351,0.550508905852417,16,0.245928753180662
387399663,2020-10-23 20:14:04.362000,0.304580152671756,0.545342420937839,9.90916030534351,0.550508905852417,17,0.245928753180662
387399663,2020-10-23 20:59:51.282000,0.304580152671756,0.545342420937839,9.90916030534351,0.550508905852417,18,0.245928753180662
388276743,2020-10-16 01:52:09.115000,0.304580152671756,0.545342420937839,0.304580152671756,0.304580152671756,1,0.0
388322180,2020-10-18 15:47:26.744000,0.0755725190839695,0.545342420937839,0.0755725190839695,0.0755725190839695,1,0.0
39000963,2020-10-20 13:08:05.422000,0.304580152671756,0.545342420937839,2.59389312977099,1.2969465648855,1,0.99236641221374
39000963,2020-10-20 13:09:29.080000,2.28931297709924,0.545342420937839,2.59389312977099,1.2969465648855,2,-0.99236641221374
396309439,2020-10-12 06:01:29.576000,0.151908396946565,0.545342420937839,0.151908396946565,0.151908396946565,1,0.0
397656979,2020-10-12 17:20:42.557000,0.151908396946565,0.545342420937839,0.151908396946565,0.151908396946565,1,0.0
402132327,2020-10-15 09:03:31.155000,0.304580152671756,0.545342420937839,1.75343511450382,0.584478371501272,1,0.279898218829517
402132327,2020-10-15 14:05:42.365000,0.304580152671756,0.545342420937839,1.75343511450382,0.584478371501272,2,0.279898218829517
402132327,2020-10-17 14:07:20.887000,1.14427480916031,0.545342420937839,1.75343511450382,0.584478371501272,3,-0.559796437659033
40868606,2020-10-13 15:27:13.962000,0.151908396946565,0.545342420937839,0.151908396946565,0.151908396946565,1,0.0
411905181,2020-10-19 02:58:08.087000,0.0755725190839695,0.545342420937839,0.0755725190839695,0.0755725190839695,1,0.0
413834597,2020-10-13 10:21:47.368000,0.0755725190839695,0.545342420937839,0.0755725190839695,0.0755725190839695,1,0.0
415567655,2020-10-14 02:11:37.741000,0.0755725190839695,0.545342420937839,0.0755725190839695,0.0755725190839695,1,0.0
415642144,2020-10-13 02:25:34.599000,0.0755725190839695,0.545342420937839,0.684732824427481,0.22824427480916,1,0.152671755725191
415642144,2020-10-13 02:42:12.939000,0.304580152671756,0.545342420937839,0.684732824427481,0.22824427480916,2,-0.0763358778625954
415642144,2020-10-18 15:47:34.956000,0.304580152671756,0.545342420937839,0.684732824427481,0.22824427480916,3,-0.0763358778625954
416728248,2020-10-14 03:58:21.105000,1.14427480916031,0.545342420937839,6.86717557251908,1.71679389312977,1,0.572519083969466
416728248,2020-10-15 04:27:38.182000,1.14427480916031,0.545342420937839,6.86717557251908,1.71679389312977,2,0.572519083969466
416728248,2020-10-17 07:43:16.186000,2.28931297709924,0.545342420937839,6.86717557251908,1.71679389312977,3,-0.572519083969465
416728248,2020-10-17 10:11:45.025000,2.28931297709924,0.545342420937839,6.86717557251908,1.71679389312977,4,-0.572519083969465
438212579,2020-10-14 05:15:27.960000,0.304580152671756,0.545342420937839,1.52290076335878,0.304580152671756,1,0.0
438212579,2020-10-19 11:50:00.769000,0.304580152671756,0.545342420937839,1.52290076335878,0.304580152671756,2,0.0
438212579,2020-10-19 15:27:16.916000,0.304580152671756,0.545342420937839,1.52290076335878,0.304580152671756,3,0.0
438212579,2020-10-20 02:08:15.936000,0.304580152671756,0.545342420937839,1.52290076335878,0.304580152671756,4,0.0
438212579,2020-10-20 10:33:34.944000,0.304580152671756,0.545342420937839,1.52290076335878,0.304580152671756,5,0.0
440420443,2020-10-12 20:24:44.574000,0.151908396946565,0.545342420937839,2.36335877862595,0.590839694656489,1,0.438931297709924
440420443,2020-10-12 20:55:57.902000,0.304580152671756,0.545342420937839,2.36335877862595,0.590839694656489,2,0.286259541984733
440420443,2020-10-12 21:08:30.191000,0.762595419847328,0.545342420937839,2.36335877862595,0.590839694656489,3,-0.17175572519084
440420443,2020-10-21 13:10:37.762000,1.14427480916031,0.545342420937839,2.36335877862595,0.590839694656489,4,-0.553435114503817
442926652,2020-10-13 17:28:20.665000,0.304580152671756,0.545342420937839,2.59312977099237,0.864376590330789,1,0.559796437659033
442926652,2020-10-14 13:09:14.114000,1.14427480916031,0.545342420937839,2.59312977099237,0.864376590330789,2,-0.279898218829517
442926652,2020-10-16 22:50:30.495000,1.14427480916031,0.545342420937839,2.59312977099237,0.864376590330789,3,-0.279898218829517
446373552,2020-10-14 10:42:14.923000,0.304580152671756,0.545342420937839,0.304580152671756,0.304580152671756,1,0.0
446849580,2020-10-13 12:13:05.071000,0.151908396946565,0.545342420937839,0.914503816793893,0.457251908396947,1,0.305343511450382
446849580,2020-10-13 12:23:27.146000,0.762595419847328,0.545342420937839,0.914503816793893,0.457251908396947,2,-0.305343511450382
447869763,2020-10-13 10:40:31.824000,0.304580152671756,0.545342420937839,0.304580152671756,0.304580152671756,1,0.0
451264639,2020-10-14 11:18:36.848000,0.304580152671756,0.545342420937839,0.304580152671756,0.304580152671756,1,0.0
452046417,2020-10-14 13:05:58.352000,0.151908396946565,0.545342420937839,0.151908396946565,0.151908396946565,1,0.0
457244163,2020-10-14 05:26:43.918000,0.304580152671756,0.545342420937839,0.304580152671756,0.304580152671756,1,0.0
465011617,2020-10-11 12:54:13.198000,0.151908396946565,0.545342420937839,0.151908396946565,0.151908396946565,1,0.0
466133421,2020-10-17 20:05:13.135000,0.304580152671756,0.545342420937839,0.913740458015267,0.304580152671756,1,0.0
466133421,2020-10-17 20:06:15.251000,0.304580152671756,0.545342420937839,0.913740458015267,0.304580152671756,2,0.0
466133421,2020-10-21 20:06:04.988000,0.304580152671756,0.545342420937839,0.913740458015267,0.304580152671756,3,0.0
472905954,2020-10-14 15:29:50.655000,0.151908396946565,0.545342420937839,3.04961832061069,0.609923664122137,1,0.458015267175573
472905954,2020-10-18 23:24:54.155000,0.304580152671756,0.545342420937839,3.04961832061069,0.609923664122137,2,0.305343511450382
472905954,2020-10-19 00:08:00.183000,0.304580152671756,0.545342420937839,3.04961832061069,0.609923664122137,3,0.305343511450382
472905954,2020-10-19 16:30:29.586000,1.14427480916031,0.545342420937839,3.04961832061069,0.609923664122137,4,-0.534351145038168
472905954,2020-10-23 23:15:50.156000,1.14427480916031,0.545342420937839,3.04961832061069,0.609923664122137,5,-0.534351145038168
475501640,2020-10-16 11:58:01.326000,0.151908396946565,0.545342420937839,1.29618320610687,0.648091603053435,1,0.49618320610687
475501640,2020-10-20 21:18:21.190000,1.14427480916031,0.545342420937839,1.29618320610687,0.648091603053435,2,-0.49618320610687
47862140,2020-10-09 14:12:06.870000,7.63282442748092,0.545342420937839,39.6893129770992,6.61488549618321,1,-1.01793893129771
47862140,2020-10-09 14:12:26.385000,7.63282442748092,0.545342420937839,39.6893129770992,6.61488549618321,2,-1.01793893129771
47862140,2020-10-09 14:38:18.317000,3.81603053435114,0.545342420937839,39.6893129770992,6.61488549618321,3,2.79885496183206
47862140,2020-10-09 14:46:40.125000,5.34198473282443,0.545342420937839,39.6893129770992,6.61488549618321,4,1.27290076335878
47862140,2020-10-09 16:16:49.995000,7.63282442748092,0.545342420937839,39.6893129770992,6.61488549618321,5,-1.01793893129771
47862140,2020-10-09 17:43:30.813000,7.63282442748092,0.545342420937839,39.6893129770992,6.61488549618321,6,-1.01793893129771
479109665,2020-10-15 13:16:39.817000,0.762595419847328,0.545342420937839,4.42213740458015,0.631733914940022,1,-0.130861504907306
479109665,2020-10-15 13:33:12.691000,0.304580152671756,0.545342420937839,4.42213740458015,0.631733914940022,2,0.327153762268266
479109665,2020-10-16 19:40:44.246000,0.762595419847328,0.545342420937839,4.42213740458015,0.631733914940022,3,-0.130861504907306
479109665,2020-10-21 20:12:01.806000,0.762595419847328,0.545342420937839,4.42213740458015,0.631733914940022,4,-0.130861504907306
479109665,2020-10-21 20:22:59.644000,0.304580152671756,0.545342420937839,4.42213740458015,0.631733914940022,5,0.327153762268266
479109665,2020-10-22 19:40:20.920000,0.762595419847328,0.545342420937839,4.42213740458015,0.631733914940022,6,-0.130861504907306
479109665,2020-10-22 19:54:43.742000,0.762595419847328,0.545342420937839,4.42213740458015,0.631733914940022,7,-0.130861504907306
47996803,2020-10-18 19:59:05.029000,0.0755725190839695,0.545342420937839,0.0755725190839695,0.0755725190839695,1,0.0
480898344,2020-10-17 04:56:53.468000,0.304580152671756,0.545342420937839,0.304580152671756,0.304580152671756,1,0.0
482471912,2020-10-16 05:31:18.805000,0.151908396946565,0.545342420937839,0.151908396946565,0.151908396946565,1,0.0
485141045,2020-10-13 08:58:02.819000,0.151908396946565,0.545342420937839,0.151908396946565,0.151908396946565,1,0.0
487181454,2020-10-14 09:23:23.072000,0.151908396946565,0.545342420937839,0.151908396946565,0.151908396946565,1,0.0
48789204,2020-10-15 09:19:27.796000,0.304580152671756,0.545342420937839,0.913740458015267,0.304580152671756,1,0.0
48789204,2020-10-16 07:58:57.551000,0.304580152671756,0.545342420937839,0.913740458015267,0.304580152671756,2,0.0
48789204,2020-10-18 11:13:23.184000,0.304580152671756,0.545342420937839,0.913740458015267,0.304580152671756,3,0.0
487954254,2020-10-16 18:50:41.182000,0.151908396946565,0.545342420937839,0.151908396946565,0.151908396946565,1,0.0
489750672,2020-10-14 20:30:10.852000,0.0755725190839695,0.545342420937839,0.380152671755725,0.190076335877863,1,0.114503816793893
489750672,2020-10-15 15:19:31.172000,0.304580152671756,0.545342420937839,0.380152671755725,0.190076335877863,2,-0.114503816793893
49003411,2020-10-13 12:35:49.019000,0.304580152671756,0.545342420937839,0.304580152671756,0.304580152671756,1,0.0
493177327,2020-10-20 20:38:44.783000,0.0755725190839695,0.545342420937839,0.0755725190839695,0.0755725190839695,1,0.0
493888362,2020-10-12 01:49:17.210000,0.151908396946565,0.545342420937839,0.151908396946565,0.151908396946565,1,0.0
497168169,2020-10-14 16:29:32.963000,0.304580152671756,0.545342420937839,6.0236641221374,0.669296013570823,1,0.364715860899067
497168169,2020-10-14 18:37:41.822000,0.304580152671756,0.545342420937839,6.0236641221374,0.669296013570823,2,0.364715860899067
497168169,2020-10-20 08:01:55.713000,0.304580152671756,0.545342420937839,6.0236641221374,0.669296013570823,3,0.364715860899067
497168169,2020-10-20 09:24:25.204000,0.304580152671756,0.545342420937839,6.0236641221374,0.669296013570823,4,0.364715860899067
497168169,2020-10-21 12:46:10.292000,0.762595419847328,0.545342420937839,6.0236641221374,0.669296013570823,5,-0.0932994062765056
497168169,2020-10-21 17:31:44.871000,0.304580152671756,0.545342420937839,6.0236641221374,0.669296013570823,6,0.364715860899067
497168169,2020-10-23 04:05:19.470000,1.14427480916031,0.545342420937839,6.0236641221374,0.669296013570823,7,-0.474978795589483
497168169,2020-10-23 04:34:47.752000,2.28931297709924,0.545342420937839,6.0236641221374,0.669296013570823,8,-1.62001696352841
497168169,2020-10-23 05:08:02.712000,0.304580152671756,0.545342420937839,6.0236641221374,0.669296013570823,9,0.364715860899067
499737251,2020-10-14 13:03:10.702000,0.151908396946565,0.545342420937839,0.151908396946565,0.151908396946565,1,0.0
501864137,2020-10-09 21:04:54.896000,0.151908396946565,0.545342420937839,0.151908396946565,0.151908396946565,1,0.0
505237031,2020-10-16 14:02:06.200000,0.151908396946565,0.545342420937839,0.151908396946565,0.151908396946565,1,0.0
505835509,2020-10-14 01:33:36.918000,0.0755725190839695,0.545342420937839,0.0755725190839695,0.0755725190839695,1,0.0
510061885,2020-10-16 21:03:12.479000,0.304580152671756,0.545342420937839,0.304580152671756,0.304580152671756,1,0.0
511888926,2020-10-11 04:08:27.872000,0.151908396946565,0.545342420937839,0.151908396946565,0.151908396946565,1,0.0
517190190,2020-10-12 07:33:07.660000,0.151908396946565,0.545342420937839,0.456488549618321,0.22824427480916,1,0.0763358778625954
517190190,2020-10-12 07:36:40.372000,0.304580152671756,0.545342420937839,0.456488549618321,0.22824427480916,2,-0.0763358778625954
518681681,2020-10-14 11:16:54.114000,0.151908396946565,0.545342420937839,0.151908396946565,0.151908396946565,1,0.0
523541703,2020-10-13 20:48:40.169000,0.151908396946565,0.545342420937839,3.2030534351145,0.800763358778626,1,0.648854961832061
523541703,2020-10-14 01:35:59.677000,0.762595419847328,0.545342420937839,3.2030534351145,0.800763358778626,2,0.0381679389312978
523541703,2020-10-17 14:32:54.622000,1.14427480916031,0.545342420937839,3.2030534351145,0.800763358778626,3,-0.343511450381679
523541703,2020-10-21 23:14:27.364000,1.14427480916031,0.545342420937839,3.2030534351145,0.800763358778626,4,-0.343511450381679
524275121,2020-10-13 09:51:32.965000,0.0755725190839695,0.545342420937839,0.0755725190839695,0.0755725190839695,1,0.0
524964045,2020-10-07 14:46:21.129000,0.304580152671756,0.545342420937839,1.52290076335878,0.304580152671756,1,0.0
524964045,2020-10-08 05:39:10.219000,0.304580152671756,0.545342420937839,1.52290076335878,0.304580152671756,2,0.0
524964045,2020-10-09 12:59:33.691000,0.304580152671756,0.545342420937839,1.52290076335878,0.304580152671756,3,0.0
524964045,2020-10-10 12:13:03.500000,0.304580152671756,0.545342420937839,1.52290076335878,0.304580152671756,4,0.0
524964045,2020-10-16 11:58:47.316000,0.304580152671756,0.545342420937839,1.52290076335878,0.304580152671756,5,0.0
525522290,2020-10-13 04:39:56.673000,0.151908396946565,0.545342420937839,1.9793893129771,0.282769901853871,1,0.130861504907306
525522290,2020-10-19 07:10:27.309000,0.304580152671756,0.545342420937839,1.9793893129771,0.282769901853871,2,-0.0218102508178844
525522290,2020-10-19 08:04:07.301000,0.304580152671756,0.545342420937839,1.9793893129771,0.282769901853871,3,-0.0218102508178844
525522290,2020-10-19 17:19:11.743000,0.304580152671756,0.545342420937839,1.9793893129771,0.282769901853871,4,-0.0218102508178844
525522290,2020-10-19 19:33:14.801000,0.304580152671756,0.545342420937839,1.9793893129771,0.282769901853871,5,-0.0218102508178844
525522290,2020-10-19 21:32:48.003000,0.304580152671756,0.545342420937839,1.9793893129771,0.282769901853871,6,-0.0218102508178844
525522290,2020-10-21 10:57:59.328000,0.304580152671756,0.545342420937839,1.9793893129771,0.282769901853871,7,-0.0218102508178844
527583899,2020-10-17 21:08:48.984000,1.14427480916031,0.545342420937839,1.14427480916031,1.14427480916031,1,0.0
52930289,2020-10-09 18:06:58.388000,0.151908396946565,0.545342420937839,1.06564885496183,0.266412213740458,1,0.114503816793893
52930289,2020-10-12 16:33:45.808000,0.304580152671756,0.545342420937839,1.06564885496183,0.266412213740458,2,-0.0381679389312977
52930289,2020-10-17 14:00:34.766000,0.304580152671756,0.545342420937839,1.06564885496183,0.266412213740458,3,-0.0381679389312977
52930289,2020-10-18 06:19:29.593000,0.304580152671756,0.545342420937839,1.06564885496183,0.266412213740458,4,-0.0381679389312977
532636413,2020-10-13 15:56:20.725000,0.304580152671756,0.545342420937839,0.304580152671756,0.304580152671756,1,0.0
534185668,2020-10-14 13:35:55.917000,0.151908396946565,0.545342420937839,0.456488549618321,0.22824427480916,1,0.0763358778625954
534185668,2020-10-15 12:49:56.007000,0.304580152671756,0.545342420937839,0.456488549618321,0.22824427480916,2,-0.0763358778625954
540989827,2020-10-12 04:46:41.851000,0.151908396946565,0.545342420937839,0.151908396946565,0.151908396946565,1,0.0
541109341,2020-10-15 16:33:05.324000,0.151908396946565,0.545342420937839,0.151908396946565,0.151908396946565,1,0.0
543630235,2020-10-13 20:13:26.657000,0.151908396946565,0.545342420937839,0.151908396946565,0.151908396946565,1,0.0
548299801,2020-10-17 20:35:30.697000,0.0755725190839695,0.545342420937839,0.0755725190839695,0.0755725190839695,1,0.0
554105721,2020-10-15 02:50:47.302000,0.304580152671756,0.545342420937839,0.304580152671756,0.304580152671756,1,0.0
554225473,2020-10-13 16:33:57.891000,0.151908396946565,0.545342420937839,0.151908396946565,0.151908396946565,1,0.0
554368800,2020-10-14 16:24:50.985000,0.151908396946565,0.545342420937839,0.151908396946565,0.151908396946565,1,0.0
555060839,2020-10-15 17:32:19.688000,0.762595419847328,0.545342420937839,0.762595419847328,0.762595419847328,1,0.0
555803597,2020-10-17 21:40:18.392000,0.304580152671756,0.545342420937839,0.304580152671756,0.304580152671756,1,0.0
557359412,2020-10-10 12:26:19.826000,0.151908396946565,0.545342420937839,6.56030534351145,1.09338422391858,1,0.94147582697201
557359412,2020-10-10 12:36:03.906000,0.762595419847328,0.545342420937839,6.56030534351145,1.09338422391858,2,0.330788804071247
557359412,2020-10-13 20:21:32.734000,0.304580152671756,0.545342420937839,6.56030534351145,1.09338422391858,3,0.788804071246819
557359412,2020-10-15 15:21:43.820000,2.28931297709924,0.545342420937839,6.56030534351145,1.09338422391858,4,-1.19592875318066
557359412,2020-10-17 11:35:19.605000,2.28931297709924,0.545342420937839,6.56030534351145,1.09338422391858,5,-1.19592875318066
557359412,2020-10-17 13:13:07.135000,0.762595419847328,0.545342420937839,6.56030534351145,1.09338422391858,6,0.330788804071247
560980296,2020-10-17 13:14:09.209000,0.0755725190839695,0.545342420937839,0.0755725190839695,0.0755725190839695,1,0.0
561396429,2020-10-21 06:58:55.502000,0.0755725190839695,0.545342420937839,0.0755725190839695,0.0755725190839695,1,0.0
568178643,2020-10-14 05:23:34.268000,0.0755725190839695,0.545342420937839,0.0755725190839695,0.0755725190839695,1,0.0
5688706,2020-10-17 13:43:32.685000,0.304580152671756,0.545342420937839,0.913740458015267,0.304580152671756,1,0.0
5688706,2020-10-18 03:10:27.349000,0.304580152671756,0.545342420937839,0.913740458015267,0.304580152671756,2,0.0
5688706,2020-10-19 01:14:09.993000,0.304580152671756,0.545342420937839,0.913740458015267,0.304580152671756,3,0.0
570653709,2020-10-19 17:56:00.877000,0.0755725190839695,0.545342420937839,0.0755725190839695,0.0755725190839695,1,0.0
574673385,2020-10-14 01:01:53.697000,0.151908396946565,0.545342420937839,0.151908396946565,0.151908396946565,1,0.0
574869791,2020-10-12 01:23:57.375000,0.151908396946565,0.545342420937839,0.151908396946565,0.151908396946565,1,0.0
583548543,2020-10-14 09:22:47.457000,0.304580152671756,0.545342420937839,0.609160305343512,0.304580152671756,1,0.0
583548543,2020-10-15 11:23:32.062000,0.304580152671756,0.545342420937839,0.609160305343512,0.304580152671756,2,0.0
584047998,2020-10-12 07:22:15.667000,0.151908396946565,0.545342420937839,0.456488549618321,0.22824427480916,1,0.0763358778625954
584047998,2020-10-13 02:07:59.981000,0.304580152671756,0.545342420937839,0.456488549618321,0.22824427480916,2,-0.0763358778625954
586290358,2020-10-18 22:21:24.249000,0.0755725190839695,0.545342420937839,0.0755725190839695,0.0755725190839695,1,0.0
590009330,2020-10-13 08:17:10.069000,0.151908396946565,0.545342420937839,4.19389312977099,0.698982188295165,1,0.547073791348601
590009330,2020-10-13 17:03:16.972000,0.304580152671756,0.545342420937839,4.19389312977099,0.698982188295165,2,0.39440203562341
590009330,2020-10-13 20:38:36.972000,0.304580152671756,0.545342420937839,4.19389312977099,0.698982188295165,3,0.39440203562341
590009330,2020-10-14 20:44:43.942000,1.14427480916031,0.545342420937839,4.19389312977099,0.698982188295165,4,-0.44529262086514
590009330,2020-10-16 07:23:33.517000,1.14427480916031,0.545342420937839,4.19389312977099,0.698982188295165,5,-0.44529262086514
590009330,2020-10-16 19:55:26.083000,1.14427480916031,0.545342420937839,4.19389312977099,0.698982188295165,6,-0.44529262086514
592028204,2020-10-12 19:54:03.203000,0.151908396946565,0.545342420937839,0.151908396946565,0.151908396946565,1,0.0
595277061,2020-10-09 06:31:19.044000,0.304580152671756,0.545342420937839,0.609160305343512,0.304580152671756,1,0.0
595277061,2020-10-09 11:11:34.484000,0.304580152671756,0.545342420937839,0.609160305343512,0.304580152671756,2,0.0
599501977,2020-10-16 22:36:38.443000,0.304580152671756,0.545342420937839,0.304580152671756,0.304580152671756,1,0.0
599947296,2020-10-14 14:51:00.224000,0.151908396946565,0.545342420937839,5.33206106870229,0.355470737913486,1,0.203562340966921
599947296,2020-10-14 23:11:51.734000,0.304580152671756,0.545342420937839,5.33206106870229,0.355470737913486,2,0.0508905852417303
599947296,2020-10-17 15:52:19.273000,0.304580152671756,0.545342420937839,5.33206106870229,0.355470737913486,3,0.0508905852417303
599947296,2020-10-17 15:59:29.611000,0.304580152671756,0.545342420937839,5.33206106870229,0.355470737913486,4,0.0508905852417303
599947296,2020-10-17 18:51:39.404000,0.304580152671756,0.545342420937839,5.33206106870229,0.355470737913486,5,0.0508905852417303
599947296,2020-10-17 19:02:07.689000,0.304580152671756,0.545342420937839,5.33206106870229,0.355470737913486,6,0.0508905852417303
599947296,2020-10-18 22:04:44.817000,0.304580152671756,0.545342420937839,5.33206106870229,0.355470737913486,7,0.0508905852417303
599947296,2020-10-18 22:30:04.022000,0.762595419847328,0.545342420937839,5.33206106870229,0.355470737913486,8,-0.407124681933842
599947296,2020-10-18 23:16:24.322000,0.304580152671756,0.545342420937839,5.33206106870229,0.355470737913486,9,0.0508905852417303
599947296,2020-10-19 17:23:46.537000,0.304580152671756,0.545342420937839,5.33206106870229,0.355470737913486,10,0.0508905852417303
599947296,2020-10-19 20:58:19.476000,0.304580152671756,0.545342420937839,5.33206106870229,0.355470737913486,11,0.0508905852417303
599947296,2020-10-20 12:58:31.644000,0.762595419847328,0.545342420937839,5.33206106870229,0.355470737913486,12,-0.407124681933842
599947296,2020-10-20 13:11:12.433000,0.304580152671756,0.545342420937839,5.33206106870229,0.355470737913486,13,0.0508905852417303
599947296,2020-10-20 21:46:39.227000,0.304580152671756,0.545342420937839,5.33206106870229,0.355470737913486,14,0.0508905852417303
599947296,2020-10-21 08:14:52.163000,0.304580152671756,0.545342420937839,5.33206106870229,0.355470737913486,15,0.0508905852417303
60395023,2020-10-17 08:51:31.351000,1.14427480916031,0.545342420937839,2.28854961832061,1.14427480916031,1,0.0
60395023,2020-10-20 19:16:31.047000,1.14427480916031,0.545342420937839,2.28854961832061,1.14427480916031,2,0.0
604048783,2020-10-15 09:47:07.082000,0.304580152671756,0.545342420937839,0.609160305343512,0.304580152671756,1,0.0
604048783,2020-10-21 17:27:15.505000,0.304580152671756,0.545342420937839,0.609160305343512,0.304580152671756,2,0.0
604432493,2020-10-10 04:29:30.147000,0.151908396946565,0.545342420937839,1.9793893129771,0.282769901853871,1,0.130861504907306
604432493,2020-10-10 06:33:03.331000,0.304580152671756,0.545342420937839,1.9793893129771,0.282769901853871,2,-0.0218102508178844
604432493,2020-10-13 05:26:22.509000,0.304580152671756,0.545342420937839,1.9793893129771,0.282769901853871,3,-0.0218102508178844
604432493,2020-10-13 09:16:18.996000,0.304580152671756,0.545342420937839,1.9793893129771,0.282769901853871,4,-0.0218102508178844
604432493,2020-10-14 04:43:24.651000,0.304580152671756,0.545342420937839,1.9793893129771,0.282769901853871,5,-0.0218102508178844
604432493,2020-10-15 07:12:23.556000,0.304580152671756,0.545342420937839,1.9793893129771,0.282769901853871,6,-0.0218102508178844
604432493,2020-10-15 07:12:41.981000,0.304580152671756,0.545342420937839,1.9793893129771,0.282769901853871,7,-0.0218102508178844
604593375,2020-10-16 20:35:04.448000,0.304580152671756,0.545342420937839,0.304580152671756,0.304580152671756,1,0.0
612865960,2020-10-14 14:24:35.293000,1.14427480916031,0.545342420937839,1.44885496183206,0.724427480916031,1,-0.419847328244275
612865960,2020-10-14 18:49:28.511000,0.304580152671756,0.545342420937839,1.44885496183206,0.724427480916031,2,0.419847328244275
613416547,2020-10-12 23:41:55.970000,0.151908396946565,0.545342420937839,0.151908396946565,0.151908396946565,1,0.0
613966884,2020-10-15 11:52:10.342000,0.304580152671756,0.545342420937839,0.304580152671756,0.304580152671756,1,0.0
614415186,2020-10-12 01:27:04.965000,0.151908396946565,0.545342420937839,0.761068702290076,0.253689567430025,1,0.101781170483461
614415186,2020-10-13 06:32:30.175000,0.304580152671756,0.545342420937839,0.761068702290076,0.253689567430025,2,-0.0508905852417303
614415186,2020-10-13 12:32:15.743000,0.304580152671756,0.545342420937839,0.761068702290076,0.253689567430025,3,-0.0508905852417303
615838727,2020-10-12 20:50:49.869000,0.151908396946565,0.545342420937839,0.456488549618321,0.22824427480916,1,0.0763358778625954
615838727,2020-10-15 14:55:56.598000,0.304580152671756,0.545342420937839,0.456488549618321,0.22824427480916,2,-0.0763358778625954
617318093,2020-10-14 14:55:01.216000,0.151908396946565,0.545342420937839,0.151908396946565,0.151908396946565,1,0.0
620410944,2020-10-13 14:50:41.768000,0.151908396946565,0.545342420937839,4.19083969465649,0.419083969465649,1,0.267175572519084
620410944,2020-10-17 16:21:17.449000,0.304580152671756,0.545342420937839,4.19083969465649,0.419083969465649,2,0.114503816793893
620410944,2020-10-18 11:56:32.428000,0.304580152671756,0.545342420937839,4.19083969465649,0.419083969465649,3,0.114503816793893
620410944,2020-10-18 17:56:39.681000,0.304580152671756,0.545342420937839,4.19083969465649,0.419083969465649,4,0.114503816793893
620410944,2020-10-19 17:00:06.215000,1.14427480916031,0.545342420937839,4.19083969465649,0.419083969465649,5,-0.725190839694657
620410944,2020-10-20 10:55:46.366000,0.304580152671756,0.545342420937839,4.19083969465649,0.419083969465649,6,0.114503816793893
620410944,2020-10-21 11:25:01.241000,0.304580152671756,0.545342420937839,4.19083969465649,0.419083969465649,7,0.114503816793893
620410944,2020-10-22 07:55:01.696000,0.304580152671756,0.545342420937839,4.19083969465649,0.419083969465649,8,0.114503816793893
620410944,2020-10-22 12:38:40.813000,0.304580152671756,0.545342420937839,4.19083969465649,0.419083969465649,9,0.114503816793893
620410944,2020-10-22 16:46:32.903000,0.762595419847328,0.545342420937839,4.19083969465649,0.419083969465649,10,-0.343511450381679
621221245,2020-10-13 10:33:41.150000,0.151908396946565,0.545342420937839,0.151908396946565,0.151908396946565,1,0.0
621934728,2020-10-16 07:45:38.219000,0.304580152671756,0.545342420937839,3.20229007633588,0.640458015267176,1,0.33587786259542
621934728,2020-10-16 07:56:19.262000,0.304580152671756,0.545342420937839,3.20229007633588,0.640458015267176,2,0.33587786259542
621934728,2020-10-17 23:12:57.706000,1.14427480916031,0.545342420937839,3.20229007633588,0.640458015267176,3,-0.50381679389313
621934728,2020-10-18 02:54:02.737000,1.14427480916031,0.545342420937839,3.20229007633588,0.640458015267176,4,-0.50381679389313
621934728,2020-10-21 00:55:16.525000,0.304580152671756,0.545342420937839,3.20229007633588,0.640458015267176,5,0.33587786259542
632466687,2020-10-21 12:44:23.851000,1.14427480916031,0.545342420937839,3.43358778625954,1.71679389312977,1,0.572519083969466
632466687,2020-10-21 18:35:55.979000,2.28931297709924,0.545342420937839,3.43358778625954,1.71679389312977,2,-0.572519083969465
634711871,2020-10-15 07:39:58.553000,0.151908396946565,0.545342420937839,5.10916030534351,1.0218320610687,1,0.869923664122138
634711871,2020-10-20 07:41:47.518000,0.762595419847328,0.545342420937839,5.10916030534351,1.0218320610687,2,0.259236641221374
634711871,2020-10-20 09:07:51.403000,1.14427480916031,0.545342420937839,5.10916030534351,1.0218320610687,3,-0.122442748091603
634711871,2020-10-21 10:05:38.108000,1.52519083969466,0.545342420937839,5.10916030534351,1.0218320610687,4,-0.503358778625954
634711871,2020-10-22 12:29:18.341000,1.52519083969466,0.545342420937839,5.10916030534351,1.0218320610687,5,-0.503358778625954
636950015,2020-10-15 04:21:50.489000,0.151908396946565,0.545342420937839,0.456488549618321,0.22824427480916,1,0.0763358778625954
636950015,2020-10-17 18:04:47.767000,0.304580152671756,0.545342420937839,0.456488549618321,0.22824427480916,2,-0.0763358778625954
637004012,2020-10-12 20:37:06.189000,0.151908396946565,0.545342420937839,0.151908396946565,0.151908396946565,1,0.0
643866597,2020-10-20 11:52:53.802000,0.304580152671756,0.545342420937839,0.304580152671756,0.304580152671756,1,0.0
64835442,2020-10-20 07:40:25.425000,0.0755725190839695,0.545342420937839,0.0755725190839695,0.0755725190839695,1,0.0
649188893,2020-10-13 19:24:24.078000,0.304580152671756,0.545342420937839,1.82977099236641,0.609923664122137,1,0.305343511450382
649188893,2020-10-18 14:26:43.506000,0.762595419847328,0.545342420937839,1.82977099236641,0.609923664122137,2,-0.152671755725191
649188893,2020-10-20 18:18:09.722000,0.762595419847328,0.545342420937839,1.82977099236641,0.609923664122137,3,-0.152671755725191
652320002,2020-10-09 17:31:35.181000,0.151908396946565,0.545342420937839,0.151908396946565,0.151908396946565,1,0.0
658435421,2020-10-14 14:38:57.658000,0.151908396946565,0.545342420937839,6.63587786259542,0.947982551799346,1,0.796074154852781
658435421,2020-10-16 14:30:47.152000,0.762595419847328,0.545342420937839,6.63587786259542,0.947982551799346,2,0.185387131952017
658435421,2020-10-17 17:01:37.119000,1.14427480916031,0.545342420937839,6.63587786259542,0.947982551799346,3,-0.19629225736096
658435421,2020-10-17 17:33:07.058000,1.14427480916031,0.545342420937839,6.63587786259542,0.947982551799346,4,-0.19629225736096
658435421,2020-10-17 18:06:42.260000,1.14427480916031,0.545342420937839,6.63587786259542,0.947982551799346,5,-0.19629225736096
658435421,2020-10-17 19:07:32.120000,1.14427480916031,0.545342420937839,6.63587786259542,0.947982551799346,6,-0.19629225736096
658435421,2020-10-20 15:23:06.695000,1.14427480916031,0.545342420937839,6.63587786259542,0.947982551799346,7,-0.19629225736096
66154258,2020-10-16 09:13:08.786000,0.304580152671756,0.545342420937839,0.304580152671756,0.304580152671756,1,0.0
664312045,2020-10-19 05:04:08.697000,0.0755725190839695,0.545342420937839,0.0755725190839695,0.0755725190839695,1,0.0
664459308,2020-10-14 10:50:37.576000,0.304580152671756,0.545342420937839,1.98091603053435,0.39618320610687,1,0.0916030534351145
664459308,2020-10-14 22:23:38.246000,0.304580152671756,0.545342420937839,1.98091603053435,0.39618320610687,2,0.0916030534351145
664459308,2020-10-14 22:54:46.423000,0.304580152671756,0.545342420937839,1.98091603053435,0.39618320610687,3,0.0916030534351145
664459308,2020-10-14 23:07:01.441000,0.304580152671756,0.545342420937839,1.98091603053435,0.39618320610687,4,0.0916030534351145
664459308,2020-10-20 08:47:31.299000,0.762595419847328,0.545342420937839,1.98091603053435,0.39618320610687,5,-0.366412213740458
666371019,2020-10-20 14:19:27.708000,0.304580152671756,0.545342420937839,0.304580152671756,0.304580152671756,1,0.0
669371892,2020-10-15 06:41:53.664000,0.151908396946565,0.545342420937839,0.151908396946565,0.151908396946565,1,0.0
670132802,2020-10-13 07:50:54.904000,0.304580152671756,0.545342420937839,0.304580152671756,0.304580152671756,1,0.0
670150819,2020-10-12 10:16:35.386000,0.151908396946565,0.545342420937839,0.151908396946565,0.151908396946565,1,0.0
677313636,2020-10-12 16:11:09.124000,0.151908396946565,0.545342420937839,0.151908396946565,0.151908396946565,1,0.0
68239238,2020-10-13 04:41:56.132000,0.151908396946565,0.545342420937839,1.21908396946565,0.406361323155216,1,0.254452926208651
68239238,2020-10-14 01:30:54.196000,0.304580152671756,0.545342420937839,1.21908396946565,0.406361323155216,2,0.101781170483461
68239238,2020-10-14 04:45:03.180000,0.762595419847328,0.545342420937839,1.21908396946565,0.406361323155216,3,-0.356234096692112
685048839,2020-10-13 15:30:49.284000,0.151908396946565,0.545342420937839,0.151908396946565,0.151908396946565,1,0.0
685745854,2020-10-12 06:47:39.553000,0.151908396946565,0.545342420937839,0.151908396946565,0.151908396946565,1,0.0
689581006,2020-10-14 18:32:37.555000,0.304580152671756,0.545342420937839,1.37175572519084,0.457251908396947,1,0.152671755725191
689581006,2020-10-14 19:03:44.539000,0.304580152671756,0.545342420937839,1.37175572519084,0.457251908396947,2,0.152671755725191
689581006,2020-10-14 19:12:26.609000,0.762595419847328,0.545342420937839,1.37175572519084,0.457251908396947,3,-0.305343511450382
689896816,2020-10-12 01:25:28.074000,0.151908396946565,0.545342420937839,0.151908396946565,0.151908396946565,1,0.0
692639841,2020-10-13 22:55:15.878000,0.762595419847328,0.545342420937839,4.72824427480916,0.788040712468193,1,0.0254452926208651
692639841,2020-10-13 23:25:15.525000,0.151908396946565,0.545342420937839,4.72824427480916,0.788040712468193,2,0.636132315521629
692639841,2020-10-14 17:04:47.471000,0.762595419847328,0.545342420937839,4.72824427480916,0.788040712468193,3,0.0254452926208651
692639841,2020-10-15 16:36:30.959000,1.14427480916031,0.545342420937839,4.72824427480916,0.788040712468193,4,-0.356234096692112
692639841,2020-10-15 16:37:17.867000,1.14427480916031,0.545342420937839,4.72824427480916,0.788040712468193,5,-0.356234096692112
692639841,2020-10-17 01:17:54.451000,0.762595419847328,0.545342420937839,4.72824427480916,0.788040712468193,6,0.0254452926208651
693498224,2020-10-19 13:50:48.722000,0.0755725190839695,0.545342420937839,2.36412213740458,0.788040712468193,1,0.712468193384224
693498224,2020-10-20 07:45:58.860000,1.14427480916031,0.545342420937839,2.36412213740458,0.788040712468193,2,-0.356234096692112
693498224,2020-10-21 00:32:42.222000,1.14427480916031,0.545342420937839,2.36412213740458,0.788040712468193,3,-0.356234096692112
69429876,2020-10-13 09:30:30.086000,0.151908396946565,0.545342420937839,1.06564885496183,0.266412213740458,1,0.114503816793893
69429876,2020-10-13 15:23:01.193000,0.304580152671756,0.545342420937839,1.06564885496183,0.266412213740458,2,-0.0381679389312977
69429876,2020-10-13 16:23:24.244000,0.304580152671756,0.545342420937839,1.06564885496183,0.266412213740458,3,-0.0381679389312977
69429876,2020-10-16 07:45:58.199000,0.304580152671756,0.545342420937839,1.06564885496183,0.266412213740458,4,-0.0381679389312977
697735308,2020-10-10 14:39:54.810000,0.304580152671756,0.545342420937839,0.304580152671756,0.304580152671756,1,0.0
706777281,2020-10-14 02:13:18.604000,0.304580152671756,0.545342420937839,0.304580152671756,0.304580152671756,1,0.0
714605795,2020-10-17 08:03:13.776000,0.304580152671756,0.545342420937839,0.304580152671756,0.304580152671756,1,0.0
714706192,2020-10-12 09:35:46.508000,0.151908396946565,0.545342420937839,0.151908396946565,0.151908396946565,1,0.0
718120665,2020-10-11 23:33:40.949000,0.151908396946565,0.545342420937839,0.151908396946565,0.151908396946565,1,0.0
718768234,2020-10-10 20:47:36.410000,0.151908396946565,0.545342420937839,0.151908396946565,0.151908396946565,1,0.0
721014527,2020-10-13 17:32:49.324000,0.151908396946565,0.545342420937839,0.151908396946565,0.151908396946565,1,0.0
721057405,2020-10-14 20:36:07.250000,0.304580152671756,0.545342420937839,0.304580152671756,0.304580152671756,1,0.0
72125034,2020-10-21 21:54:37.456000,0.304580152671756,0.545342420937839,0.304580152671756,0.304580152671756,1,0.0
722433399,2020-10-10 01:21:13.155000,0.151908396946565,0.545342420937839,0.456488549618321,0.22824427480916,1,0.0763358778625954
722433399,2020-10-10 05:27:34.524000,0.304580152671756,0.545342420937839,0.456488549618321,0.22824427480916,2,-0.0763358778625954
723128571,2020-10-11 13:36:20.395000,2.28931297709924,0.545342420937839,2.28931297709924,2.28931297709924,1,0.0
723572556,2020-10-16 18:50:28.787000,2.28931297709924,0.545342420937839,2.28931297709924,2.28931297709924,1,0.0
723759555,2020-10-23 16:51:35.712000,1.14427480916031,0.545342420937839,7.24961832061069,2.41653944020356,1,1.27226463104326
723759555,2020-10-23 17:09:17.509000,3.81603053435114,0.545342420937839,7.24961832061069,2.41653944020356,2,-1.39949109414758
723759555,2020-10-23 18:02:37.589000,2.28931297709924,0.545342420937839,7.24961832061069,2.41653944020356,3,0.127226463104326
738105591,2020-10-13 20:32:41.898000,0.0755725190839695,0.545342420937839,0.0755725190839695,0.0755725190839695,1,0.0
740121998,2020-10-13 14:54:46.635000,0.151908396946565,0.545342420937839,1.06564885496183,0.266412213740458,1,0.114503816793893
740121998,2020-10-13 15:10:54.710000,0.304580152671756,0.545342420937839,1.06564885496183,0.266412213740458,2,-0.0381679389312977
740121998,2020-10-13 15:17:22.868000,0.304580152671756,0.545342420937839,1.06564885496183,0.266412213740458,3,-0.0381679389312977
740121998,2020-10-13 15:37:13.145000,0.304580152671756,0.545342420937839,1.06564885496183,0.266412213740458,4,-0.0381679389312977
741988691,2020-10-11 03:24:30.627000,0.151908396946565,0.545342420937839,0.151908396946565,0.151908396946565,1,0.0
749268701,2020-10-14 04:34:30.761000,0.304580152671756,0.545342420937839,0.304580152671756,0.304580152671756,1,0.0
752130153,2020-10-14 08:23:23.552000,0.304580152671756,0.545342420937839,0.304580152671756,0.304580152671756,1,0.0
753441489,2020-10-06 14:57:39.834000,0.304580152671756,0.545342420937839,0.304580152671756,0.304580152671756,1,0.0
75680071,2020-10-15 02:44:10.741000,0.151908396946565,0.545342420937839,0.151908396946565,0.151908396946565,1,0.0
76436313,2020-10-14 11:16:42.098000,0.0755725190839695,0.545342420937839,0.0755725190839695,0.0755725190839695,1,0.0
771738313,2020-10-06 09:01:31.670000,0.304580152671756,0.545342420937839,2.89770992366412,0.724427480916031,1,0.419847328244275
771738313,2020-10-06 18:59:54.062000,1.14427480916031,0.545342420937839,2.89770992366412,0.724427480916031,2,-0.419847328244275
771738313,2020-10-08 17:15:21.036000,1.14427480916031,0.545342420937839,2.89770992366412,0.724427480916031,3,-0.419847328244275
771738313,2020-10-08 18:55:49.006000,0.304580152671756,0.545342420937839,2.89770992366412,0.724427480916031,4,0.419847328244275
781596877,2020-10-16 01:34:23.869000,0.304580152671756,0.545342420937839,0.304580152671756,0.304580152671756,1,0.0
782150215,2020-10-13 09:03:42.987000,0.304580152671756,0.545342420937839,4.87328244274809,0.304580152671756,1,0.0
782150215,2020-10-13 09:22:17.297000,0.304580152671756,0.545342420937839,4.87328244274809,0.304580152671756,2,0.0
782150215,2020-10-13 09:30:29.969000,0.304580152671756,0.545342420937839,4.87328244274809,0.304580152671756,3,0.0
782150215,2020-10-13 10:21:14.100000,0.304580152671756,0.545342420937839,4.87328244274809,0.304580152671756,4,0.0
782150215,2020-10-13 11:13:17.050000,0.304580152671756,0.545342420937839,4.87328244274809,0.304580152671756,5,0.0
782150215,2020-10-14 18:27:42.760000,0.304580152671756,0.545342420937839,4.87328244274809,0.304580152671756,6,0.0
782150215,2020-10-15 08:21:24.930000,0.304580152671756,0.545342420937839,4.87328244274809,0.304580152671756,7,0.0
782150215,2020-10-15 08:28:32.464000,0.304580152671756,0.545342420937839,4.87328244274809,0.304580152671756,8,0.0
782150215,2020-10-15 09:09:35.917000,0.304580152671756,0.545342420937839,4.87328244274809,0.304580152671756,9,0.0
782150215,2020-10-15 09:43:18.162000,0.304580152671756,0.545342420937839,4.87328244274809,0.304580152671756,10,0.0
782150215,2020-10-15 23:50:56.959000,0.304580152671756,0.545342420937839,4.87328244274809,0.304580152671756,11,0.0
782150215,2020-10-16 00:13:55.597000,0.304580152671756,0.545342420937839,4.87328244274809,0.304580152671756,12,0.0
782150215,2020-10-16 01:59:39.037000,0.304580152671756,0.545342420937839,4.87328244274809,0.304580152671756,13,0.0
782150215,2020-10-20 11:05:38.816000,0.304580152671756,0.545342420937839,4.87328244274809,0.304580152671756,14,0.0
782150215,2020-10-20 12:34:24.871000,0.304580152671756,0.545342420937839,4.87328244274809,0.304580152671756,15,0.0
782150215,2020-10-21 00:16:44.153000,0.304580152671756,0.545342420937839,4.87328244274809,0.304580152671756,16,0.0
784095294,2020-10-16 04:19:57.968000,0.0755725190839695,0.545342420937839,0.0755725190839695,0.0755725190839695,1,0.0
784987213,2020-10-15 10:43:11.800000,0.151908396946565,0.545342420937839,0.761068702290076,0.253689567430025,1,0.101781170483461
784987213,2020-10-16 08:27:05.649000,0.304580152671756,0.545342420937839,0.761068702290076,0.253689567430025,2,-0.0508905852417303
784987213,2020-10-16 08:35:41.509000,0.304580152671756,0.545342420937839,0.761068702290076,0.253689567430025,3,-0.0508905852417303
789736733,2020-10-13 10:26:22.605000,0.304580152671756,0.545342420937839,0.304580152671756,0.304580152671756,1,0.0
794510489,2020-10-06 23:17:22.819000,0.304580152671756,0.545342420937839,0.609160305343512,0.304580152671756,1,0.0
794510489,2020-10-07 09:08:18.122000,0.304580152671756,0.545342420937839,0.609160305343512,0.304580152671756,2,0.0
795335287,2020-10-16 08:41:28.649000,0.0755725190839695,0.545342420937839,0.0755725190839695,0.0755725190839695,1,0.0
797937135,2020-10-13 21:19:54.415000,1.52519083969466,0.545342420937839,20.5931297709924,1.58408690546095,1,0.0588960657662947
797937135,2020-10-13 22:24:55.525000,1.52519083969466,0.545342420937839,20.5931297709924,1.58408690546095,2,0.0588960657662947
797937135,2020-10-13 22:57:28.406000,1.52519083969466,0.545342420937839,20.5931297709924,1.58408690546095,3,0.0588960657662947
797937135,2020-10-13 23:00:28.988000,2.28931297709924,0.545342420937839,20.5931297709924,1.58408690546095,4,-0.705226071638285
797937135,2020-10-14 00:00:33.571000,1.52519083969466,0.545342420937839,20.5931297709924,1.58408690546095,5,0.0588960657662947
797937135,2020-10-14 09:20:11.463000,1.52519083969466,0.545342420937839,20.5931297709924,1.58408690546095,6,0.0588960657662947
797937135,2020-10-14 09:38:11.751000,2.28931297709924,0.545342420937839,20.5931297709924,1.58408690546095,7,-0.705226071638285
797937135,2020-10-14 10:26:54.851000,1.52519083969466,0.545342420937839,20.5931297709924,1.58408690546095,8,0.0588960657662947
797937135,2020-10-14 11:04:30.955000,1.52519083969466,0.545342420937839,20.5931297709924,1.58408690546095,9,0.0588960657662947
797937135,2020-10-14 12:06:00.711000,1.52519083969466,0.545342420937839,20.5931297709924,1.58408690546095,10,0.0588960657662947
797937135,2020-10-14 12:26:36.598000,1.52519083969466,0.545342420937839,20.5931297709924,1.58408690546095,11,0.0588960657662947
797937135,2020-10-14 13:09:34.724000,1.52519083969466,0.545342420937839,20.5931297709924,1.58408690546095,12,0.0588960657662947
797937135,2020-10-20 12:18:02.671000,0.762595419847328,0.545342420937839,20.5931297709924,1.58408690546095,13,0.821491485613623
798017166,2020-10-13 20:58:09.045000,0.304580152671756,0.545342420937839,5.10839694656489,0.638549618320611,1,0.333969465648855
798017166,2020-10-13 21:14:58.887000,0.304580152671756,0.545342420937839,5.10839694656489,0.638549618320611,2,0.333969465648855
798017166,2020-10-14 06:42:14.471000,0.762595419847328,0.545342420937839,5.10839694656489,0.638549618320611,3,-0.124045801526718
798017166,2020-10-14 10:19:40.203000,0.762595419847328,0.545342420937839,5.10839694656489,0.638549618320611,4,-0.124045801526718
798017166,2020-10-15 07:46:30.875000,0.762595419847328,0.545342420937839,5.10839694656489,0.638549618320611,5,-0.124045801526718
798017166,2020-10-18 07:31:27.323000,0.762595419847328,0.545342420937839,5.10839694656489,0.638549618320611,6,-0.124045801526718
798017166,2020-10-19 09:37:19.131000,1.14427480916031,0.545342420937839,5.10839694656489,0.638549618320611,7,-0.505725190839695
798017166,2020-10-19 11:48:32.613000,0.304580152671756,0.545342420937839,5.10839694656489,0.638549618320611,8,0.333969465648855
799874375,2020-10-13 09:43:32.470000,0.304580152671756,0.545342420937839,0.609160305343512,0.304580152671756,1,0.0
799874375,2020-10-13 09:52:43.050000,0.304580152671756,0.545342420937839,0.609160305343512,0.304580152671756,2,0.0
805739388,2020-10-14 18:09:09.061000,0.151908396946565,0.545342420937839,0.151908396946565,0.151908396946565,1,0.0
80718464,2020-10-10 23:41:29.804000,0.304580152671756,0.545342420937839,0.609160305343512,0.304580152671756,1,0.0
80718464,2020-10-11 00:39:51.459000,0.304580152671756,0.545342420937839,0.609160305343512,0.304580152671756,2,0.0
810396496,2020-10-12 10:45:24.969000,0.151908396946565,0.545342420937839,0.456488549618321,0.22824427480916,1,0.0763358778625954
810396496,2020-10-12 10:50:29.485000,0.304580152671756,0.545342420937839,0.456488549618321,0.22824427480916,2,-0.0763358778625954
812062035,2020-10-14 21:55:49.129000,0.151908396946565,0.545342420937839,0.151908396946565,0.151908396946565,1,0.0
81848386,2020-10-14 21:43:36.629000,1.52519083969466,0.545342420937839,1.52519083969466,1.52519083969466,1,0.0
819028623,2020-10-18 20:31:00.790000,0.304580152671756,0.545342420937839,0.609160305343512,0.304580152671756,1,0.0
819028623,2020-10-21 12:43:20.069000,0.304580152671756,0.545342420937839,0.609160305343512,0.304580152671756,2,0.0
820740796,2020-10-11 09:35:58.692000,0.304580152671756,0.545342420937839,0.609160305343512,0.304580152671756,1,0.0
820740796,2020-10-12 06:37:55.486000,0.304580152671756,0.545342420937839,0.609160305343512,0.304580152671756,2,0.0
821063531,2020-10-15 10:14:42.044000,0.151908396946565,0.545342420937839,0.151908396946565,0.151908396946565,1,0.0
826175445,2020-10-11 20:22:41.218000,0.151908396946565,0.545342420937839,0.151908396946565,0.151908396946565,1,0.0
826246864,2020-10-15 16:30:00.727000,0.151908396946565,0.545342420937839,0.151908396946565,0.151908396946565,1,0.0
826738449,2020-10-13 14:18:07.381000,0.151908396946565,0.545342420937839,0.151908396946565,0.151908396946565,1,0.0
830737976,2020-10-11 13:51:06.920000,0.304580152671756,0.545342420937839,0.304580152671756,0.304580152671756,1,0.0
831724101,2020-10-12 21:08:08.656000,0.151908396946565,0.545342420937839,0.151908396946565,0.151908396946565,1,0.0
833023813,2020-10-13 08:38:18.963000,0.151908396946565,0.545342420937839,0.151908396946565,0.151908396946565,1,0.0
834936535,2020-10-14 13:02:10.595000,0.304580152671756,0.545342420937839,0.304580152671756,0.304580152671756,1,0.0
835689533,2020-10-14 15:55:19.908000,0.151908396946565,0.545342420937839,2.97251908396947,0.495419847328244,1,0.343511450381679
835689533,2020-10-14 16:13:11.633000,0.304580152671756,0.545342420937839,2.97251908396947,0.495419847328244,2,0.190839694656489
835689533,2020-10-15 06:08:35.007000,1.14427480916031,0.545342420937839,2.97251908396947,0.495419847328244,3,-0.648854961832061
835689533,2020-10-15 06:26:29.575000,0.304580152671756,0.545342420937839,2.97251908396947,0.495419847328244,4,0.190839694656489
835689533,2020-10-15 06:40:24.787000,0.762595419847328,0.545342420937839,2.97251908396947,0.495419847328244,5,-0.267175572519084
835689533,2020-10-17 06:05:41.214000,0.304580152671756,0.545342420937839,2.97251908396947,0.495419847328244,6,0.190839694656489
837549315,2020-10-17 18:34:11.856000,0.151908396946565,0.545342420937839,0.151908396946565,0.151908396946565,1,0.0
837810614,2020-10-11 11:08:05.997000,0.151908396946565,0.545342420937839,0.151908396946565,0.151908396946565,1,0.0
838629325,2020-10-09 16:23:00.765000,0.151908396946565,0.545342420937839,0.151908396946565,0.151908396946565,1,0.0
839751891,2020-10-13 04:25:49.136000,0.151908396946565,0.545342420937839,0.151908396946565,0.151908396946565,1,0.0
842313480,2020-10-14 06:20:09.667000,0.151908396946565,0.545342420937839,0.151908396946565,0.151908396946565,1,0.0
843728036,2020-10-11 13:44:35.926000,0.151908396946565,0.545342420937839,0.151908396946565,0.151908396946565,1,0.0
844552882,2020-10-15 17:35:10.336000,0.151908396946565,0.545342420937839,0.151908396946565,0.151908396946565,1,0.0
847997780,2020-10-12 16:05:54.760000,0.151908396946565,0.545342420937839,0.151908396946565,0.151908396946565,1,0.0
854896209,2020-10-08 04:43:47.977000,0.304580152671756,0.545342420937839,0.304580152671756,0.304580152671756,1,0.0
857134031,2020-10-14 23:05:44.467000,0.151908396946565,0.545342420937839,9.30992366412214,3.10330788804071,1,2.95139949109415
857134031,2020-10-15 15:43:26.388000,3.81603053435114,0.545342420937839,9.30992366412214,3.10330788804071,2,-0.712722646310433
857134031,2020-10-19 11:39:33.577000,5.34198473282443,0.545342420937839,9.30992366412214,3.10330788804071,3,-2.23867684478372
85715371,2020-10-16 13:57:31.277000,0.151908396946565,0.545342420937839,1.06564885496183,0.266412213740458,1,0.114503816793893
85715371,2020-10-21 03:33:25.640000,0.304580152671756,0.545342420937839,1.06564885496183,0.266412213740458,2,-0.0381679389312977
85715371,2020-10-22 15:23:31.434000,0.304580152671756,0.545342420937839,1.06564885496183,0.266412213740458,3,-0.0381679389312977
85715371,2020-10-23 15:11:37.376000,0.304580152671756,0.545342420937839,1.06564885496183,0.266412213740458,4,-0.0381679389312977
861023861,2020-10-14 18:27:25.666000,1.14427480916031,0.545342420937839,2.66946564885496,1.33473282442748,1,0.190458015267176
861023861,2020-10-14 19:34:08.348000,1.52519083969466,0.545342420937839,2.66946564885496,1.33473282442748,2,-0.190458015267176
864510998,2020-10-14 15:31:34.506000,0.151908396946565,0.545342420937839,1.06564885496183,0.266412213740458,1,0.114503816793893
864510998,2020-10-14 16:22:27.961000,0.304580152671756,0.545342420937839,1.06564885496183,0.266412213740458,2,-0.0381679389312977
864510998,2020-10-16 21:29:09.324000,0.304580152671756,0.545342420937839,1.06564885496183,0.266412213740458,3,-0.0381679389312977
864510998,2020-10-16 21:39:19.831000,0.304580152671756,0.545342420937839,1.06564885496183,0.266412213740458,4,-0.0381679389312977
865666864,2020-10-13 14:20:44.570000,1.14427480916031,0.545342420937839,4.04198473282443,0.808396946564886,1,-0.33587786259542
865666864,2020-10-13 14:46:54.242000,0.304580152671756,0.545342420937839,4.04198473282443,0.808396946564886,2,0.50381679389313
865666864,2020-10-17 07:33:57.684000,1.14427480916031,0.545342420937839,4.04198473282443,0.808396946564886,3,-0.33587786259542
865666864,2020-10-17 12:13:45.917000,1.14427480916031,0.545342420937839,4.04198473282443,0.808396946564886,4,-0.33587786259542
865666864,2020-10-17 14:09:03.772000,0.304580152671756,0.545342420937839,4.04198473282443,0.808396946564886,5,0.50381679389313
867360992,2020-10-13 03:34:36.875000,0.304580152671756,0.545342420937839,0.304580152671756,0.304580152671756,1,0.0
870384061,2020-10-14 21:59:52.694000,0.151908396946565,0.545342420937839,0.151908396946565,0.151908396946565,1,0.0
878212272,2020-10-24 02:11:03.590000,0.304580152671756,0.545342420937839,0.304580152671756,0.304580152671756,1,0.0
87933183,2020-10-11 09:41:32.276000,0.304580152671756,0.545342420937839,0.304580152671756,0.304580152671756,1,0.0
88004242,2020-10-15 19:57:47.611000,0.151908396946565,0.545342420937839,0.151908396946565,0.151908396946565,1,0.0
883145916,2020-10-13 16:23:59.332000,0.304580152671756,0.545342420937839,0.304580152671756,0.304580152671756,1,0.0
884905741,2020-10-10 12:21:12.125000,0.151908396946565,0.545342420937839,2.36335877862595,0.590839694656489,1,0.438931297709924
884905741,2020-10-12 16:15:19.833000,0.762595419847328,0.545342420937839,2.36335877862595,0.590839694656489,2,-0.17175572519084
884905741,2020-10-13 13:19:22.539000,1.14427480916031,0.545342420937839,2.36335877862595,0.590839694656489,3,-0.553435114503817
884905741,2020-10-14 08:33:02.218000,0.304580152671756,0.545342420937839,2.36335877862595,0.590839694656489,4,0.286259541984733
885032044,2020-10-11 08:49:20.097000,0.151908396946565,0.545342420937839,0.151908396946565,0.151908396946565,1,0.0
885105419,2020-10-13 01:08:36.320000,0.304580152671756,0.545342420937839,1.44885496183206,0.724427480916031,1,0.419847328244275
885105419,2020-10-17 13:52:14.721000,1.14427480916031,0.545342420937839,1.44885496183206,0.724427480916031,2,-0.419847328244275
886792162,2020-10-16 04:25:39.723000,0.0755725190839695,0.545342420937839,0.0755725190839695,0.0755725190839695,1,0.0
892797233,2020-10-11 07:26:37.035000,0.151908396946565,0.545342420937839,0.151908396946565,0.151908396946565,1,0.0
897477445,2020-10-14 06:36:06.828000,0.304580152671756,0.545342420937839,0.304580152671756,0.304580152671756,1,0.0
909385097,2020-10-13 19:34:15.579000,0.304580152671756,0.545342420937839,0.304580152671756,0.304580152671756,1,0.0
909662461,2020-10-14 19:22:01.865000,2.28931297709924,0.545342420937839,3.43358778625954,1.71679389312977,1,-0.572519083969465
909662461,2020-10-16 11:30:58.611000,1.14427480916031,0.545342420937839,3.43358778625954,1.71679389312977,2,0.572519083969466
915342053,2020-10-13 09:58:31.724000,0.151908396946565,0.545342420937839,4.87404580152672,0.324936386768448,1,0.173027989821883
915342053,2020-10-13 15:18:22.256000,0.304580152671756,0.545342420937839,4.87404580152672,0.324936386768448,2,0.0203562340966921
915342053,2020-10-13 15:43:25.118000,0.304580152671756,0.545342420937839,4.87404580152672,0.324936386768448,3,0.0203562340966921
915342053,2020-10-13 18:53:33.074000,0.304580152671756,0.545342420937839,4.87404580152672,0.324936386768448,4,0.0203562340966921
915342053,2020-10-15 23:52:37.678000,0.304580152671756,0.545342420937839,4.87404580152672,0.324936386768448,5,0.0203562340966921
915342053,2020-10-16 10:50:04.076000,0.304580152671756,0.545342420937839,4.87404580152672,0.324936386768448,6,0.0203562340966921
915342053,2020-10-16 11:04:43.646000,0.304580152671756,0.545342420937839,4.87404580152672,0.324936386768448,7,0.0203562340966921
915342053,2020-10-18 14:00:55.424000,0.304580152671756,0.545342420937839,4.87404580152672,0.324936386768448,8,0.0203562340966921
915342053,2020-10-19 12:12:36.908000,0.762595419847328,0.545342420937839,4.87404580152672,0.324936386768448,9,-0.43765903307888
915342053,2020-10-19 12:54:28.566000,0.304580152671756,0.545342420937839,4.87404580152672,0.324936386768448,10,0.0203562340966921
915342053,2020-10-20 14:03:09.634000,0.304580152671756,0.545342420937839,4.87404580152672,0.324936386768448,11,0.0203562340966921
915342053,2020-10-20 14:12:08.947000,0.304580152671756,0.545342420937839,4.87404580152672,0.324936386768448,12,0.0203562340966921
915342053,2020-10-20 17:43:55.958000,0.304580152671756,0.545342420937839,4.87404580152672,0.324936386768448,13,0.0203562340966921
915342053,2020-10-21 21:08:25.856000,0.304580152671756,0.545342420937839,4.87404580152672,0.324936386768448,14,0.0203562340966921
915342053,2020-10-21 21:20:37.276000,0.304580152671756,0.545342420937839,4.87404580152672,0.324936386768448,15,0.0203562340966921
916865188,2020-10-13 15:14:47.548000,0.151908396946565,0.545342420937839,0.151908396946565,0.151908396946565,1,0.0
922453511,2020-10-15 05:27:10.925000,0.151908396946565,0.545342420937839,0.151908396946565,0.151908396946565,1,0.0
923372987,2020-10-10 23:10:20.897000,0.151908396946565,0.545342420937839,0.456488549618321,0.22824427480916,1,0.0763358778625954
923372987,2020-10-14 08:30:20.105000,0.304580152671756,0.545342420937839,0.456488549618321,0.22824427480916,2,-0.0763358778625954
923949003,2020-10-11 22:49:36.657000,0.151908396946565,0.545342420937839,0.151908396946565,0.151908396946565,1,0.0
930566616,2020-10-17 19:11:12.207000,1.14427480916031,0.545342420937839,1.44885496183206,0.724427480916031,1,-0.419847328244275
930566616,2020-10-19 01:46:57.456000,0.304580152671756,0.545342420937839,1.44885496183206,0.724427480916031,2,0.419847328244275
930591363,2020-10-23 15:08:18.890000,0.304580152671756,0.545342420937839,0.304580152671756,0.304580152671756,1,0.0
931337113,2020-10-09 12:47:37.494000,0.304580152671756,0.545342420937839,0.913740458015267,0.304580152671756,1,0.0
931337113,2020-10-11 07:42:50.409000,0.304580152671756,0.545342420937839,0.913740458015267,0.304580152671756,2,0.0
931337113,2020-10-14 10:17:08.128000,0.304580152671756,0.545342420937839,0.913740458015267,0.304580152671756,3,0.0
932992984,2020-10-16 06:56:49.698000,0.0755725190839695,0.545342420937839,0.0755725190839695,0.0755725190839695,1,0.0
933798073,2020-10-14 19:01:31.958000,0.304580152671756,0.545342420937839,1.44885496183206,0.724427480916031,1,0.419847328244275
933798073,2020-10-14 19:25:23.383000,1.14427480916031,0.545342420937839,1.44885496183206,0.724427480916031,2,-0.419847328244275
934637640,2020-10-11 09:06:18.460000,0.304580152671756,0.545342420937839,1.37022900763359,0.274045801526718,1,-0.0305343511450382
934637640,2020-10-11 11:25:03.506000,0.151908396946565,0.545342420937839,1.37022900763359,0.274045801526718,2,0.122137404580153
934637640,2020-10-12 10:09:59.255000,0.304580152671756,0.545342420937839,1.37022900763359,0.274045801526718,3,-0.0305343511450382
934637640,2020-10-12 17:45:44.053000,0.304580152671756,0.545342420937839,1.37022900763359,0.274045801526718,4,-0.0305343511450382
934637640,2020-10-13 05:28:59.594000,0.304580152671756,0.545342420937839,1.37022900763359,0.274045801526718,5,-0.0305343511450382
943167629,2020-10-07 11:46:40.415000,0.304580152671756,0.545342420937839,1.52290076335878,0.304580152671756,1,0.0
943167629,2020-10-07 11:59:19.950000,0.304580152671756,0.545342420937839,1.52290076335878,0.304580152671756,2,0.0
943167629,2020-10-08 03:20:43.872000,0.304580152671756,0.545342420937839,1.52290076335878,0.304580152671756,3,0.0
943167629,2020-10-08 03:30:00.180000,0.304580152671756,0.545342420937839,1.52290076335878,0.304580152671756,4,0.0
943167629,2020-10-08 08:37:20.420000,0.304580152671756,0.545342420937839,1.52290076335878,0.304580152671756,5,0.0
945601937,2020-10-12 00:31:42.298000,0.151908396946565,0.545342420937839,0.151908396946565,0.151908396946565,1,0.0
946742592,2020-10-06 12:50:30.190000,0.304580152671756,0.545342420937839,0.609160305343512,0.304580152671756,1,0.0
946742592,2020-10-13 08:51:07.879000,0.304580152671756,0.545342420937839,0.609160305343512,0.304580152671756,2,0.0
948982156,2020-10-14 19:33:25.559000,0.151908396946565,0.545342420937839,0.761068702290076,0.253689567430025,1,0.101781170483461
948982156,2020-10-18 20:01:30.137000,0.304580152671756,0.545342420937839,0.761068702290076,0.253689567430025,2,-0.0508905852417303
948982156,2020-10-18 20:15:56.232000,0.304580152671756,0.545342420937839,0.761068702290076,0.253689567430025,3,-0.0508905852417303
953299048,2020-10-17 11:57:06.615000,0.0755725190839695,0.545342420937839,0.684732824427481,0.22824427480916,1,0.152671755725191
953299048,2020-10-19 19:15:01.841000,0.304580152671756,0.545342420937839,0.684732824427481,0.22824427480916,2,-0.0763358778625954
953299048,2020-10-21 17:13:39.445000,0.304580152671756,0.545342420937839,0.684732824427481,0.22824427480916,3,-0.0763358778625954
954308214,2020-10-14 13:01:26.979000,0.304580152671756,0.545342420937839,2.8206106870229,0.56412213740458,1,0.259541984732824
954308214,2020-10-14 13:26:52.348000,0.304580152671756,0.545342420937839,2.8206106870229,0.56412213740458,2,0.259541984732824
954308214,2020-10-15 10:24:51.130000,1.14427480916031,0.545342420937839,2.8206106870229,0.56412213740458,3,-0.580152671755725
954308214,2020-10-15 10:34:33.349000,0.762595419847328,0.545342420937839,2.8206106870229,0.56412213740458,4,-0.198473282442748
954308214,2020-10-15 15:07:20.237000,0.304580152671756,0.545342420937839,2.8206106870229,0.56412213740458,5,0.259541984732824
957644172,2020-10-12 21:44:38.174000,0.151908396946565,0.545342420937839,0.151908396946565,0.151908396946565,1,0.0
961774777,2020-10-13 07:45:12.076000,0.151908396946565,0.545342420937839,0.151908396946565,0.151908396946565,1,0.0
962907058,2020-10-13 12:00:14.481000,0.304580152671756,0.545342420937839,4.11832061068702,0.823664122137405,1,0.519083969465649
962907058,2020-10-13 17:08:54.228000,1.14427480916031,0.545342420937839,4.11832061068702,0.823664122137405,2,-0.320610687022901
962907058,2020-10-13 18:27:09.146000,0.762595419847328,0.545342420937839,4.11832061068702,0.823664122137405,3,0.0610687022900764
962907058,2020-10-14 06:33:02.943000,0.762595419847328,0.545342420937839,4.11832061068702,0.823664122137405,4,0.0610687022900764
962907058,2020-10-15 17:11:01.352000,1.14427480916031,0.545342420937839,4.11832061068702,0.823664122137405,5,-0.320610687022901
966798119,2020-10-17 23:24:29.607000,0.0755725190839695,0.545342420937839,0.0755725190839695,0.0755725190839695,1,0.0
967205244,2020-10-12 10:13:46.381000,0.304580152671756,0.545342420937839,0.304580152671756,0.304580152671756,1,0.0
969207217,2020-10-14 07:55:07.235000,0.304580152671756,0.545342420937839,7.30992366412214,0.304580152671756,1,0.0
969207217,2020-10-14 10:10:17.325000,0.304580152671756,0.545342420937839,7.30992366412214,0.304580152671756,2,0.0
969207217,2020-10-14 14:53:02.020000,0.304580152671756,0.545342420937839,7.30992366412214,0.304580152671756,3,0.0
969207217,2020-10-14 15:03:23.930000,0.304580152671756,0.545342420937839,7.30992366412214,0.304580152671756,4,0.0
969207217,2020-10-14 17:07:22.080000,0.304580152671756,0.545342420937839,7.30992366412214,0.304580152671756,5,0.0
969207217,2020-10-14 17:17:51.364000,0.304580152671756,0.545342420937839,7.30992366412214,0.304580152671756,6,0.0
969207217,2020-10-14 17:24:25.493000,0.304580152671756,0.545342420937839,7.30992366412214,0.304580152671756,7,0.0
969207217,2020-10-14 18:43:53.049000,0.304580152671756,0.545342420937839,7.30992366412214,0.304580152671756,8,0.0
969207217,2020-10-15 15:38:03.511000,0.304580152671756,0.545342420937839,7.30992366412214,0.304580152671756,9,0.0
969207217,2020-10-15 15:43:11.148000,0.304580152671756,0.545342420937839,7.30992366412214,0.304580152671756,10,0.0
969207217,2020-10-15 15:49:00.476000,0.304580152671756,0.545342420937839,7.30992366412214,0.304580152671756,11,0.0
969207217,2020-10-15 15:54:36.800000,0.304580152671756,0.545342420937839,7.30992366412214,0.304580152671756,12,0.0
969207217,2020-10-16 09:30:01.539000,0.304580152671756,0.545342420937839,7.30992366412214,0.304580152671756,13,0.0
969207217,2020-10-16 09:38:12.140000,0.304580152671756,0.545342420937839,7.30992366412214,0.304580152671756,14,0.0
969207217,2020-10-17 13:37:45.039000,0.304580152671756,0.545342420937839,7.30992366412214,0.304580152671756,15,0.0
969207217,2020-10-17 13:42:25.471000,0.304580152671756,0.545342420937839,7.30992366412214,0.304580152671756,16,0.0
969207217,2020-10-17 13:50:14.847000,0.304580152671756,0.545342420937839,7.30992366412214,0.304580152671756,17,0.0
969207217,2020-10-17 14:02:39.408000,0.304580152671756,0.545342420937839,7.30992366412214,0.304580152671756,18,0.0
969207217,2020-10-17 14:09:38.068000,0.304580152671756,0.545342420937839,7.30992366412214,0.304580152671756,19,0.0
969207217,2020-10-17 17:29:17.837000,0.304580152671756,0.545342420937839,7.30992366412214,0.304580152671756,20,0.0
969207217,2020-10-17 17:34:22.386000,0.304580152671756,0.545342420937839,7.30992366412214,0.304580152671756,21,0.0
969207217,2020-10-17 17:39:24.114000,0.304580152671756,0.545342420937839,7.30992366412214,0.304580152671756,22,0.0
969207217,2020-10-17 17:42:43.748000,0.304580152671756,0.545342420937839,7.30992366412214,0.304580152671756,23,0.0
969207217,2020-10-17 17:47:26.804000,0.304580152671756,0.545342420937839,7.30992366412214,0.304580152671756,24,0.0
976671775,2020-10-12 09:32:10.211000,0.151908396946565,0.545342420937839,0.151908396946565,0.151908396946565,1,0.0
977492678,2020-10-13 07:59:46.360000,0.304580152671756,0.545342420937839,16.093893129771,0.946699595868882,1,0.642119443197126
977492678,2020-10-13 08:24:55.696000,1.14427480916031,0.545342420937839,16.093893129771,0.946699595868882,2,-0.197575213291423
977492678,2020-10-13 09:10:42.296000,1.14427480916031,0.545342420937839,16.093893129771,0.946699595868882,3,-0.197575213291423
977492678,2020-10-13 09:29:20.099000,1.14427480916031,0.545342420937839,16.093893129771,0.946699595868882,4,-0.197575213291423
977492678,2020-10-13 09:58:54.676000,1.14427480916031,0.545342420937839,16.093893129771,0.946699595868882,5,-0.197575213291423
977492678,2020-10-13 10:48:44.085000,1.14427480916031,0.545342420937839,16.093893129771,0.946699595868882,6,-0.197575213291423
977492678,2020-10-13 11:21:39.367000,0.304580152671756,0.545342420937839,16.093893129771,0.946699595868882,7,0.642119443197126
977492678,2020-10-13 11:35:36.177000,0.304580152671756,0.545342420937839,16.093893129771,0.946699595868882,8,0.642119443197126
977492678,2020-10-13 11:46:54.698000,1.14427480916031,0.545342420937839,16.093893129771,0.946699595868882,9,-0.197575213291423
977492678,2020-10-13 16:41:48.792000,0.304580152671756,0.545342420937839,16.093893129771,0.946699595868882,10,0.642119443197126
977492678,2020-10-13 16:52:50.076000,1.14427480916031,0.545342420937839,16.093893129771,0.946699595868882,11,-0.197575213291423
977492678,2020-10-14 02:31:35.919000,1.14427480916031,0.545342420937839,16.093893129771,0.946699595868882,12,-0.197575213291423
977492678,2020-10-14 02:45:03.954000,1.14427480916031,0.545342420937839,16.093893129771,0.946699595868882,13,-0.197575213291423
977492678,2020-10-14 03:12:44.924000,1.14427480916031,0.545342420937839,16.093893129771,0.946699595868882,14,-0.197575213291423
977492678,2020-10-15 09:46:53.465000,1.14427480916031,0.545342420937839,16.093893129771,0.946699595868882,15,-0.197575213291423
977492678,2020-10-15 10:07:25.436000,1.14427480916031,0.545342420937839,16.093893129771,0.946699595868882,16,-0.197575213291423
977492678,2020-10-19 04:20:59.965000,1.14427480916031,0.545342420937839,16.093893129771,0.946699595868882,17,-0.197575213291423
981793359,2020-10-13 16:13:23.207000,0.151908396946565,0.545342420937839,0.151908396946565,0.151908396946565,1,0.0
982819582,2020-10-13 14:26:49.459000,0.0755725190839695,0.545342420937839,0.380152671755725,0.190076335877863,1,0.114503816793893
982819582,2020-10-17 05:41:22.103000,0.304580152671756,0.545342420937839,0.380152671755725,0.190076335877863,2,-0.114503816793893
983507025,2020-10-13 18:49:17.186000,0.304580152671756,0.545342420937839,0.304580152671756,0.304580152671756,1,0.0
983931691,2020-10-13 10:12:17.306000,0.304580152671756,0.545342420937839,1.06564885496183,0.266412213740458,1,-0.0381679389312977
983931691,2020-10-13 10:32:03.520000,0.304580152671756,0.545342420937839,1.06564885496183,0.266412213740458,2,-0.0381679389312977
983931691,2020-10-13 22:06:42.467000,0.151908396946565,0.545342420937839,1.06564885496183,0.266412213740458,3,0.114503816793893
983931691,2020-10-14 19:44:28.133000,0.304580152671756,0.545342420937839,1.06564885496183,0.266412213740458,4,-0.0381679389312977
986042773,2020-10-18 05:42:35.042000,0.304580152671756,0.545342420937839,0.304580152671756,0.304580152671756,1,0.0
987375864,2020-10-14 09:47:55.399000,0.0755725190839695,0.545342420937839,0.0755725190839695,0.0755725190839695,1,0.0
993353406,2020-10-18 20:45:31.362000,0.304580152671756,0.545342420937839,0.609160305343512,0.304580152671756,1,0.0
993353406,2020-10-18 21:09:18.642000,0.304580152671756,0.545342420937839,0.609160305343512,0.304580152671756,2,0.0
993799116,2020-10-13 13:24:41.889000,0.0755725190839695,0.545342420937839,0.0755725190839695,0.0755725190839695,1,0.0
997721742,2020-10-12 21:28:57.195000,0.151908396946565,0.545342420937839,0.151908396946565,0.151908396946565,1,0.0
